RowName,WazaType,Element,IgnoreRandomInherit,Category,Power,DisplayPower,IsLeanBack,CameraShake,IgnoreRaycast,MinRange,MaxRange,MaxHeightDiff,CoolTime,ForceRagdollSize,EffectType1,EffectValue1,EffectValueEx1,EffectType2,EffectValue2,EffectValueEx2,SpecialAttackRateInfos,bIsWeaponDamage,WazaCustomExecuteConditions,bIsExplosionDamage,DisabledData,Strength,BulletEmiiterOverlapClass
NewRow_1,TidalWave,Water,True,Shot,1,1,False,Waza_M,False,100,1000,1000,15.000000,None,Wetness,80,0.000000,None,0,0.000000,,False,,False,True,None,None
NewRow_4,WaterWave,Water,True,Shot,1,1,False,Waza_M,False,700,1500,1500,5.000000,None,None,0,0.000000,None,0,0.000000,,False,,False,True,None,None
NewRow_6,AquaJet,Water,False,Shot,40,40,False,Waza_S,False,500,5000,9999,2.000000,None,Wetness,35,0.000000,None,0,0.000000,,False,,False,False,Weak,None
NewRow_21,WaterGun,Water,False,Shot,50,50,False,Waza_S,False,500,5000,5000,2.000000,None,Wetness,50,0.000000,None,0,0.000000,,False,,False,False,Weak,None
NewRow_51,BubbleShot,Water,False,Shot,80,80,False,Waza_M,False,1000,3500,3500,4.000000,None,Wetness,100,0.000000,None,0,0.000000,,False,,False,False,Medium,None
NewRow_76,AcidRain,Water,False,Shot,120,120,False,Waza_M,True,100,5000,5000,8.000000,None,Wetness,100,0.000000,None,0,0.000000,,False,,False,False,Weak,None
NewRow_85,WaterBall,Water,False,Shot,200,200,False,Waza_L,False,1000,5000,5000,12.000000,S,Wetness,100,0.000000,None,0,0.000000,,False,,False,False,Medium,/Script/Engine.BlueprintGeneratedClass'/Game/Pal/Blueprint/Skill/_BulletEmiiterOverlap/PalWazaBulletEmiiterOverlap_WaterBall.PalWazaBulletEmiiterOverlap_WaterBall_C'
NewRow_88,Unique_BluePlatypus_Toboggan,Water,True,Melee,100,100,False,Waza_M,False,0,500,500,120.000000,XS,Wetness,100,0.000000,None,0,0.000000,,False,,False,False,None,None
NewRow_105,HydroPump,Water,False,Shot,450,450,False,Waza_L,True,500,1800,1800,20.000000,None,Wetness,100,0.000000,None,0,0.000000,,False,,False,False,Strong,None
NewRow,Intimidate,Normal,True,Shot,1,1,False,Waza_M,False,0,9999,9999,1.000000,None,Stun,100,0.000000,None,0,0.000000,,False,,False,True,None,None
NewRow_3,Human_Punch,Normal,True,Melee,12,12,False,Waza_M,False,500,600,600,1.000000,None,None,0,0.000000,None,0,0.000000,"((Type=vsWood,Rate=1.500000),(Type=vsStone,Rate=1.500000))",True,,False,False,None,None
NewRow_7,AirCanon,Normal,False,Shot,40,40,False,Waza_S,False,500,4000,9999,2.000000,None,None,0,0.000000,None,0,0.000000,,False,,False,False,Weak,None
NewRow_15,Unique_ChickenPal_ChickenPeck,Normal,True,Melee,30,30,False,Waza_S,False,0,500,250,2.000000,None,None,0,0.000000,None,0,0.000000,,False,"((Type=GroundHeightDiff,Value=0.000000))",False,False,None,None
NewRow_17,PowerShot,Normal,False,Shot,80,80,False,Waza_S,False,600,3000,3000,4.000000,None,None,0,0.000000,None,0,0.000000,,False,,False,False,Weak,None
NewRow_19,Unique_SheepBall_Roll,Normal,True,Melee,40,40,False,Waza_S,False,0,1000,250,2.000000,None,None,0,0.000000,None,0,0.000000,,False,"((Type=GroundHeightDiff,Value=0.000000))",False,False,None,None
NewRow_23,Unique_PinkCat_CatPunch,Normal,True,Melee,40,40,False,Waza_S,False,0,500,250,2.000000,None,None,0,0.000000,None,0,0.000000,,False,"((Type=GroundHeightDiff,Value=0.000000))",False,False,None,None
NewRow_26,Unique_Alpaca_Tackle,Normal,True,Melee,50,50,False,Waza_S,False,300,1500,400,2.000000,None,None,0,0.000000,None,0,0.000000,,False,"((Type=GroundHeightDiff,Value=0.000000))",False,False,None,None
NewRow_30,Unique_Garm_Bite,Normal,True,Melee,50,50,False,Waza_S,False,800,900,350,2.000000,None,None,0,0.000000,None,0,0.000000,,False,"((Type=GroundHeightDiff,Value=0.000000))",False,False,None,None
NewRow_35,Unique_Deer_PushupHorn,Normal,True,Melee,90,90,False,Waza_M,False,550,2000,500,4.000000,None,None,0,0.000000,None,0,0.000000,"((Type=vsWood,Rate=1.100000))",False,"((Type=GroundHeightDiff,Value=0.000000))",False,False,None,None
NewRow_28,Unique_Boar_Tackle,Earth,True,Melee,60,60,False,Waza_M,False,300,2500,350,4.000000,S,None,0,0.000000,None,0,0.000000,"((Type=vsStone,Rate=3.000000))",False,"((Type=GroundHeightDiff,Value=0.000000))",False,False,None,None
NewRow_32,Unique_Eagle_GlidingNail,Normal,True,Melee,80,80,False,Waza_M,False,0,1000,500,4.000000,None,None,0,0.000000,None,0,0.000000,,False,"((Type=GroundHeightDiff,Value=0.000000))",False,False,None,None
NewRow_41,Unique_NaughtyCat_CatPress,Normal,True,Melee,120,120,False,Waza_M,False,0,1500,900,8.000000,S,None,0,0.000000,None,0,0.000000,,False,"((Type=GroundHeightDiff,Value=0.000000))",False,False,None,None
NewRow_42,Throw,Normal,True,Shot,60,60,False,Waza_M,False,1000,2500,2500,1.000000,None,None,0,0.000000,None,0,0.000000,,False,,False,False,None,None
NewRow_65,Unique_HawkBird_Storm,Normal,True,Melee,80,80,False,Waza_M,False,0,2500,700,4.000000,S,None,0,0.000000,None,0,0.000000,,False,"((Type=GroundHeightDiff,Value=0.000000))",False,False,None,None
NewRow_59,PowerBall,Normal,False,Shot,120,120,False,Waza_M,False,1000,5000,5000,8.000000,XS,None,0,0.000000,None,0,0.000000,,False,,False,False,Medium,/Script/Engine.BlueprintGeneratedClass'/Game/Pal/Blueprint/Skill/_BulletEmiiterOverlap/PalWazaBulletEmiiterOverlap_PowerBall.PalWazaBulletEmiiterOverlap_PowerBall_C'
NewRow_55,Unique_SakuraSaurus_SideTackle,Leaf,True,Melee,120,120,False,Waza_M,False,0,300,500,8.000000,S,None,0,0.000000,None,0,0.000000,,False,"((Type=GroundHeightDiff,Value=0.000000))",False,False,None,None
NewRow_62,Unique_Gorilla_GroundPunch,Normal,True,Melee,120,120,False,Waza_M,True,0,500,300,8.000000,None,None,0,0.000000,None,0,0.000000,,False,"((Type=GroundHeightDiff,Value=0.000000))",False,False,None,None
NewRow_63,Unique_FengyunDeeper_CloudTempest,Normal,True,Melee,120,120,False,Waza_M,False,550,2000,450,8.000000,None,None,0,0.000000,None,0,0.000000,,False,"((Type=GroundHeightDiff,Value=0.000000))",False,False,None,None
NewRow_83,Scratch,Normal,True,Melee,100,100,False,Waza_M,False,0,200,200,2.000000,None,Stun,100,0.000000,None,0,0.000000,,False,,False,False,None,None
NewRow_86,WorkAttack,Normal,True,Melee,100,100,False,Waza_M,False,0,500,500,1.000000,None,None,0,0.000000,None,0,0.000000,,False,,False,False,None,None
NewRow_89,Unique_KingAlpaca_BodyPress,Normal,True,Melee,200,200,False,Waza_L,True,0,1000,1000,12.000000,S,None,0,0.000000,None,0,0.000000,,False,"((Type=GroundHeightDiff,Value=0.000000))",False,False,None,None
NewRow_96,Unique_SaintCentaur_OneSpearRushes,Normal,True,Melee,700,700,False,Waza_L,False,0,2500,300,30.000000,S,None,0,0.000000,None,0,0.000000,,False,"((Type=GroundHeightDiff,Value=0.000000))",False,False,None,None
NewRow_107,HyperBeam,Normal,False,Shot,450,450,False,Waza_L,True,500,1800,1800,20.000000,None,None,0,0.000000,None,0,0.000000,,False,,False,False,Strong,None
NewRow_113,SelfDestruct,Normal,False,Shot,300,300,False,Waza_L,False,0,1000,1000,16.000000,S,Burn,100,0.000000,None,0,0.000000,,False,,True,False,Strong,None
NewRow_114,SelfDestruct_Bee,Leaf,True,Shot,300,300,False,Waza_L,False,0,1000,1000,16.000000,S,Burn,100,0.000000,None,0,0.000000,,False,,True,False,None,None
NewRow_118,SelfExplosion,Normal,False,Shot,1200,1200,False,Waza_L,False,0,1000,1000,60.000000,S,Burn,100,0.000000,None,0,0.000000,,False,,True,False,None,None
NewRow_5,WindCutter,Leaf,False,Shot,40,40,False,Waza_S,False,500,5000,9999,2.000000,None,IvyCling,35,0.000000,None,0,0.000000,,False,,False,False,None,None
NewRow_22,SeedMachinegun,Leaf,False,Shot,80,80,False,Waza_S,False,0,300,300,4.000000,None,IvyCling,100,0.000000,None,0,0.000000,,False,,False,False,Weak,None
NewRow_45,Unique_FlowerDinosaur_Whip,Leaf,True,Shot,80,80,False,Waza_M,True,0,1500,200,4.000000,S,IvyCling,100,0.000000,None,0,0.000000,,False,"((Type=GroundHeightDiff,Value=0.000000))",False,False,None,None
NewRow_9,SpecialCutter,Leaf,False,Shot,160,160,False,Waza_S,False,500,5000,5000,8.000000,None,IvyCling,35,0.000000,None,0,0.000000,,False,,False,False,Medium,None
NewRow_31,SeedMine,Leaf,False,Shot,120,120,False,Waza_M,False,800,5000,300,8.000000,None,IvyCling,100,0.000000,None,0,0.000000,,False,,True,False,Medium,None
NewRow_53,Unique_RobinHood_BowSnipe,Leaf,True,Shot,120,120,False,Waza_M,False,1000,5000,5000,8.000000,None,IvyCling,100,0.000000,None,0,0.000000,,False,,False,False,None,None
NewRow_54,Unique_QueenBee_SpinLance,Leaf,True,Shot,160,160,False,Waza_M,True,0,600,250,8.000000,None,IvyCling,100,0.000000,None,0,0.000000,,False,"((Type=GroundHeightDiff,Value=0.000000))",False,False,None,None
NewRow_74,GrassTornado,Leaf,False,Shot,200,200,False,Waza_M,True,700,3000,600,12.000000,None,IvyCling,65,0.000000,None,0,0.000000,,False,,False,False,Medium,None
NewRow_77,Unique_GrassPanda_MusclePunch,Leaf,True,Melee,120,120,False,Waza_M,False,0,700,400,8.000000,S,None,0,0.000000,None,0,0.000000,,False,"((Type=GroundHeightDiff,Value=0.000000))",False,False,None,None
NewRow_82,RootAttack,Leaf,False,Shot,250,250,False,Waza_M,False,500,5000,500,12.000000,S,IvyCling,100,0.000000,None,0,0.000000,,False,"((Type=GroundHeightDiff,Value=0.000000))",False,False,Medium,None
NewRow_112,SolarBeam,Leaf,False,Shot,450,450,False,Waza_L,True,500,1800,1800,20.000000,None,IvyCling,100,0.000000,None,0,0.000000,,False,,False,False,Strong,None
NewRow_2,SnowStorm,Ice,True,Shot,1,1,False,Waza_M,False,100,1000,1000,5.000000,None,Freeze,20,0.000000,None,0,0.000000,,False,,False,True,None,None
NewRow_43,EnergyShot,Ice,True,Shot,1,1,False,Waza_M,False,1000,5000,5000,5.000000,None,None,0,0.000000,None,0,0.000000,,False,,False,True,None,None
NewRow_11,IceMissile,Ice,False,Shot,40,40,False,Waza_S,False,800,3000,9999,2.000000,None,Freeze,102,0.000000,None,0,0.000000,,False,,False,False,Weak,/Script/Engine.BlueprintGeneratedClass'/Game/Pal/Blueprint/Skill/_BulletEmiiterOverlap/PalWazaBulletEmiiterOverlap_IceMissile.PalWazaBulletEmiiterOverlap_IceMissile_C'
NewRow_40,IceBlade,Ice,False,Shot,80,80,False,Waza_M,True,500,4000,4000,4.000000,None,Freeze,50,0.000000,None,0,0.000000,,False,,False,False,Weak,None
NewRow_48,Unique_IceDeer_IceHorn,Ice,True,Melee,120,120,False,Waza_M,False,550,2000,500,8.000000,S,Freeze,50,0.000000,None,0,0.000000,,False,"((Type=GroundHeightDiff,Value=0.000000))",False,False,None,None
NewRow_50,BlizzardLance,Ice,False,Shot,120,120,False,Waza_M,True,100,5000,400,8.000000,None,Freeze,100,0.000000,None,0,0.000000,,False,"((Type=GroundHeightDiff,Value=0.000000))",False,False,Medium,None
NewRow_66,Unique_CaptainPenguin_BodySlide,Ice,True,Shot,140,140,False,Waza_M,False,500,3000,300,8.000000,S,Freeze,50,0.000000,None,0,0.000000,,False,"((Type=GroundHeightDiff,Value=0.000000))",False,False,None,None
NewRow_80,FrostBreath,Ice,False,Shot,160,160,False,Waza_M,False,500,1500,1500,8.000000,None,Freeze,100,0.000000,None,0,0.000000,,False,,False,False,Medium,None
NewRow_93,Unique_VolcanicMonster_Ice_IceAttack,Ice,True,Shot,400,400,False,Waza_L,True,0,5000,900,20.000000,None,Freeze,100,0.000000,None,0,0.000000,,False,"((Type=GroundHeightDiff,Value=0.000000))",False,False,None,None
NewRow_95,Unique_IceHorse_IceBladeAttack,Ice,True,Melee,700,700,False,Waza_L,False,0,2500,400,30.000000,S,Freeze,100,0.000000,None,0,0.000000,,False,"((Type=GroundHeightDiff,Value=0.000000))",False,False,None,None
NewRow_98,IcicleThrow,Ice,False,Shot,450,450,False,Waza_L,True,1000,5000,5000,20.000000,None,Freeze,100,0.000000,None,0,0.000000,,False,,False,False,Strong,/Script/Engine.BlueprintGeneratedClass'/Game/Pal/Blueprint/Skill/_BulletEmiiterOverlap/PalWazaBulletEmiiterOverlap_IcicleThrow.PalWazaBulletEmiiterOverlap_IcicleThrow_C'
NewRow_10,FireBlast,Fire,False,Shot,40,40,False,Waza_S,False,500,5000,9999,2.000000,None,Burn,50,0.000000,None,0,0.000000,,False,,False,False,Weak,None
NewRow_25,FireSeed,Fire,False,Shot,80,80,False,Waza_S,False,1000,3000,3000,4.000000,None,Burn,100,0.000000,None,0,0.000000,,False,,False,False,Weak,None
NewRow_38,Unique_FlameBuffalo_FlameHorn,Fire,True,Melee,80,80,False,Waza_M,False,1000,2500,300,4.000000,None,Burn,50,0.000000,None,0,0.000000,,False,"((Type=GroundHeightDiff,Value=0.000000))",False,False,None,None
NewRow_44,FlareArrow,Fire,False,Shot,120,120,False,Waza_M,False,500,5000,5000,8.000000,None,Burn,102,0.000000,None,0,0.000000,,False,,False,False,Weak,None
NewRow_81,Unique_Ronin_Iai,Fire,True,Melee,160,160,False,Waza_M,True,1000,5000,400,8.000000,None,Burn,50,0.000000,None,0,0.000000,,False,,False,False,None,None
NewRow_58,Flamethrower,Fire,False,Shot,160,160,False,Waza_M,True,500,1500,1500,8.000000,None,Burn,100,0.000000,None,0,0.000000,,False,,False,False,Medium,None
NewRow_70,Unique_Baphomet_SwallowKite,Fire,True,Melee,200,200,False,Waza_M,False,600,1200,500,12.000000,None,Burn,100,0.000000,None,0,0.000000,,False,"((Type=GroundHeightDiff,Value=0.000000))",False,False,None,None
NewRow_64,Unique_AmaterasuWolf_FireCharge,Fire,True,Melee,200,200,False,Waza_M,False,1000,3500,400,12.000000,S,Burn,100,0.000000,None,0,0.000000,,False,"((Type=GroundHeightDiff,Value=0.000000))",False,False,None,None
NewRow_75,FlareTornado,Fire,False,Shot,200,200,False,Waza_M,True,700,3000,600,12.000000,None,Burn,65,0.000000,None,0,0.000000,,False,,False,False,Medium,None
NewRow_69,Unique_FireKirin_Tackle,Fire,True,Melee,300,300,False,Waza_M,False,0,2500,400,16.000000,S,Burn,100,0.000000,None,0,0.000000,,False,"((Type=GroundHeightDiff,Value=0.000000))",False,False,None,None
NewRow_91,Unique_VolcanicMonster_MagmaAttack,Fire,True,Shot,300,300,False,Waza_L,True,0,5000,900,16.000000,None,Burn,100,0.000000,None,0,0.000000,,False,"((Type=GroundHeightDiff,Value=0.000000))",False,False,None,None
NewRow_101,Inferno,Fire,False,Shot,500,500,False,Waza_L,True,100,1000,300,24.000000,None,Burn,100,0.000000,None,0,0.000000,,False,"((Type=GroundHeightDiff,Value=0.000000))",False,False,Strong,None
NewRow_100,Unique_Horus_FlareBird,Fire,True,Melee,320,320,False,Waza_L,False,500,3000,600,16.000000,None,Burn,100,0.000000,None,0,0.000000,,False,"((Type=GroundHeightDiff,Value=0.000000))",False,False,None,None
NewRow_111,FireBall,Fire,False,Shot,600,600,False,Waza_L,False,500,5000,5000,30.000000,S,Burn,100,0.000000,None,0,0.000000,,False,,False,False,Strong,/Script/Engine.BlueprintGeneratedClass'/Game/Pal/Blueprint/Skill/_BulletEmiiterOverlap/PalWazaBulletEmiiterOverlap_FireBall.PalWazaBulletEmiiterOverlap_FireBall_C'
NewRow_72,CrossThunder,Electricity,True,Shot,1,1,False,Waza_M,False,500,1000,1000,7.000000,None,None,0,0.000000,None,0,0.000000,,False,,False,True,None,None
NewRow_97,ThunderRain,Electricity,False,Shot,400,400,False,Waza_L,True,0,2000,1200,20.000000,None,Electrical,100,0.000000,None,0,0.000000,,False,"((Type=GroundHeightDiff,Value=0.000000))",False,False,Strong,None
NewRow_14,SpreadPulse,Electricity,False,Shot,50,50,False,Waza_S,False,1200,5000,5000,2.000000,None,Electrical,100,0.000000,None,0,0.000000,,False,,False,False,Weak,None
NewRow_20,Funnel_RaijinDaughter,Electricity,True,Shot,30,30,False,Waza_S,False,500,3000,3000,8.000000,None,Electrical,10,0.000000,None,0,0.000000,,False,,False,False,None,None
NewRow_16,ElecWave,Electricity,False,Shot,80,80,False,Waza_S,True,0,300,500,4.000000,None,Electrical,103,0.000000,None,0,0.000000,,False,"((Type=GroundHeightDiff,Value=0.000000))",False,False,Weak,None
NewRow_24,ThunderBall,Electricity,False,Shot,100,100,False,Waza_M,False,500,2500,2500,8.000000,None,Electrical,50,0.000000,None,0,0.000000,,False,,False,False,Weak,None
NewRow_37,ThunderFunnel,Electricity,False,Shot,120,120,False,Waza_M,True,500,5000,5000,8.000000,None,Electrical,100,0.000000,None,0,0.000000,,False,,False,False,Weak,/Script/Engine.BlueprintGeneratedClass'/Game/Pal/Blueprint/Skill/_BulletEmiiterOverlap/PalWazaBulletEmiiterOverlap_ThunderFunnel.PalWazaBulletEmiiterOverlap_ThunderFunnel_C'
NewRow_52,LockonLaser,Electricity,False,Shot,140,140,False,Waza_M,False,0,5000,5000,8.000000,None,Electrical,100,0.000000,None,0,0.000000,,False,,False,False,Medium,None
NewRow_60,Unique_ElecPanda_ElecScratch,Electricity,True,Melee,150,150,False,Waza_M,False,0,700,500,8.000000,None,Electrical,100,0.000000,None,0,0.000000,,False,"((Type=GroundHeightDiff,Value=0.000000))",False,False,None,None
NewRow_67,LineThunder,Electricity,False,Shot,160,160,False,Waza_M,True,500,2000,800,8.000000,None,Electrical,100,0.000000,None,0,0.000000,,False,,False,False,Medium,None
NewRow_116,Unique_GrassPanda_Electric_ElectricPunch,Electricity,True,Melee,180,180,False,Waza_M,False,0,700,400,8.000000,S,Electrical,100,0.000000,None,0,0.000000,,False,"((Type=GroundHeightDiff,Value=0.000000))",False,False,None,None
NewRow_79,ThreeThunder,Electricity,False,Shot,200,200,False,Waza_M,True,0,5000,1200,12.000000,None,Electrical,103,0.000000,None,0,0.000000,,False,"((Type=GroundHeightDiff,Value=0.000000))",False,False,Medium,None
NewRow_90,Unique_Kirin_LightningTackle,Electricity,True,Melee,120,120,False,Waza_M,False,500,1200,300,8.000000,None,Electrical,100,0.000000,None,0,0.000000,,False,"((Type=GroundHeightDiff,Value=0.000000))",False,False,None,None
NewRow_92,Unique_ThunderDragonMan_ThunderSwordAttack,Electricity,True,Shot,250,250,False,Waza_L,False,0,5000,5000,12.000000,None,Electrical,100,0.000000,None,0,0.000000,,False,,False,False,None,/Script/Engine.BlueprintGeneratedClass'/Game/Pal/Blueprint/Skill/_BulletEmiiterOverlap/PalWazaBulletEmiiterOverlap_Unique_ThunderDragonMan_ThunderSwordAttack.PalWazaBulletEmiiterOverlap_Unique_ThunderDragonMan_ThunderSwordAttack_C'
NewRow_102,LightningStrike,Electricity,False,Shot,300,300,False,Waza_L,True,0,500,500,16.000000,None,Electrical,100,0.000000,None,0,0.000000,,False,"((Type=GroundHeightDiff,Value=0.000000))",False,False,Strong,None
NewRow_110,Thunderbolt,Electricity,False,Shot,450,450,False,Waza_L,True,500,3000,3000,20.000000,None,Electrical,100,0.000000,None,0,0.000000,,False,,False,False,Strong,None
NewRow_12,MudShot,Earth,False,Shot,40,40,False,Waza_S,False,500,5000,9999,2.000000,None,Muddy,50,0.000000,None,0,0.000000,,False,,False,False,Weak,None
NewRow_29,StoneShotgun,Earth,False,Shot,80,80,False,Waza_S,False,500,4000,4000,4.000000,None,Muddy,100,0.000000,None,0,0.000000,,False,,False,False,Weak,None
NewRow_47,Unique_DrillGame_ShellAttack,Earth,True,Melee,120,120,False,Waza_S,False,200,1500,300,8.000000,None,None,0,0.000000,None,0,0.000000,"((Type=vsStone,Rate=15.000000))",False,"((Type=GroundHeightDiff,Value=0.000000))",False,False,None,None
NewRow_33,ThrowRock,Earth,False,Shot,120,120,False,Waza_M,False,500,2500,2500,8.000000,XS,Muddy,35,0.000000,Stun,20,0.000000,,False,,False,False,Medium,None
NewRow_49,Unique_HerculesBeetle_BeetleTackle,Earth,True,Melee,250,250,False,Waza_M,False,0,2500,400,12.000000,S,None,0,0.000000,None,0,0.000000,,False,"((Type=GroundHeightDiff,Value=0.000000))",False,False,None,None
NewRow_73,SandTornado,Earth,False,Shot,200,200,False,Waza_M,True,100,3000,600,12.000000,None,Muddy,65,0.000000,None,0,0.000000,,False,,False,False,Medium,None
NewRow_56,Unique_Anubis_LowRoundKick,Earth,True,Melee,300,300,False,Waza_M,True,0,300,300,16.000000,None,None,0,0.000000,None,0,0.000000,,False,"((Type=GroundHeightDiff,Value=0.000000))",False,False,None,None
NewRow_87,Unique_Grassmammoth_Earthquake,Earth,True,Shot,300,300,False,Waza_L,True,0,1500,200,16.000000,None,None,0,0.000000,None,0,0.000000,,False,"((Type=GroundHeightDiff,Value=0.000000))",False,False,None,None
NewRow_78,Unique_Anubis_Tackle,Earth,True,Melee,400,400,False,Waza_M,False,1500,3000,300,20.000000,S,None,0,0.000000,None,0,0.000000,,False,"((Type=GroundHeightDiff,Value=0.000000))",False,False,None,None
NewRow_99,Unique_Anubis_GroundPunch,Earth,True,Melee,500,500,False,Waza_L,False,0,5000,200,24.000000,None,Muddy,100,0.000000,None,0,0.000000,,False,"((Type=GroundHeightDiff,Value=0.000000))",False,False,None,None
NewRow_108,RockLance,Earth,False,Shot,400,400,False,Waza_L,True,100,5000,500,20.000000,None,Muddy,100,0.000000,None,0,0.000000,,False,"((Type=GroundHeightDiff,Value=0.000000))",False,False,Strong,None
NewRow_13,DragonCanon,Dragon,False,Shot,40,40,False,Waza_S,False,500,4000,9999,2.000000,None,Burn,35,0.000000,None,0,0.000000,,False,,False,False,Weak,None
NewRow_36,DragonWave,Dragon,False,Shot,80,80,False,Waza_M,True,0,200,600,4.000000,None,Burn,50,0.000000,None,0,0.000000,,False,,False,False,Medium,None
NewRow_57,DragonBreath,Dragon,False,Shot,160,160,False,Waza_M,False,500,1500,1500,8.000000,None,Burn,100,0.000000,None,0,0.000000,,False,,False,False,Medium,None
NewRow_61,Unique_FairyDragon_FairyTornado,Dragon,True,Shot,150,150,False,Waza_M,True,0,3000,600,8.000000,None,None,0,0.000000,None,0,0.000000,,False,"((Type=GroundHeightDiff,Value=0.000000))",False,False,None,None
NewRow_104,Unique_JetDragon_JumpBeam,Dragon,True,Shot,700,700,False,Waza_L,False,1000,5000,5000,30.000000,None,Burn,100,0.000000,None,0,0.000000,,False,,False,False,None,/Script/Engine.BlueprintGeneratedClass'/Game/Pal/Blueprint/Skill/_BulletEmiiterOverlap/PalWazaBulletEmiiterOverlap_Unique_JetDragon_JumpBeam.PalWazaBulletEmiiterOverlap_Unique_JetDragon_JumpBeam_C'
NewRow_109,DragonMeteor,Dragon,False,Shot,600,600,False,Waza_L,False,500,5000,5000,30.000000,None,Burn,45,0.000000,None,0,0.000000,,False,,False,False,Strong,/Script/Engine.BlueprintGeneratedClass'/Game/Pal/Blueprint/Skill/_BulletEmiiterOverlap/PalWazaBulletEmiiterOverlap_DragonMeteor.PalWazaBulletEmiiterOverlap_DragonMeteor_C'
NewRow_0,PoisonFog,Dark,False,Shot,0,0,False,Waza_S,True,0,400,700,30.000000,None,Poison,9999,0.000000,None,0,0.000000,,False,"((Type=GroundHeightDiff,Value=0.000000))",False,False,Weak,None
NewRow_8,Funnel_DreamDemon,Dark,True,Shot,20,20,False,Waza_M,False,1000,5000,5000,5.000000,None,Darkness,5,0.000000,None,0,0.000000,,False,,False,False,None,None
NewRow_18,PoisonShot,Dark,False,Shot,30,30,False,Waza_S,False,500,5000,5000,2.000000,None,Poison,100,0.000000,None,0,0.000000,,False,,False,False,Weak,None
NewRow_27,DarkBall,Dark,False,Shot,50,50,False,Waza_S,False,500,1000,1000,2.000000,None,Darkness,50,0.000000,None,0,0.000000,,False,,False,False,Weak,None
NewRow_34,DarkWave,Dark,False,Shot,80,80,False,Waza_M,True,0,300,600,4.000000,None,Darkness,50,0.000000,None,0,0.000000,,False,"((Type=GroundHeightDiff,Value=0.000000))",False,False,Medium,None
NewRow_39,Unique_DarkCrow_TelePoke,Dark,True,Melee,70,70,False,Waza_M,True,0,5000,5000,4.000000,None,Darkness,50,0.000000,None,0,0.000000,,False,,False,False,None,None
NewRow_46,Unique_Werewolf_Scratch,Dark,True,Melee,80,80,False,Waza_M,False,400,500,500,4.000000,None,Darkness,50,0.000000,None,0,0.000000,,False,"((Type=GroundHeightDiff,Value=0.000000))",False,False,None,None
NewRow_68,GhostFlame,Dark,False,Shot,200,200,False,Waza_M,False,500,5000,5000,12.000000,None,Burn,102,0.000000,None,0,0.000000,,False,,False,False,Weak,/Script/Engine.BlueprintGeneratedClass'/Game/Pal/Blueprint/Skill/_BulletEmiiterOverlap/PalWazaBulletEmiiterOverlap_GhostFlame.PalWazaBulletEmiiterOverlap_GhostFlame_C'
NewRow_71,Unique_FireKirin_Dark_DarkTossin,Dark,True,Melee,300,300,False,Waza_M,False,0,2500,400,16.000000,S,Darkness,50,0.000000,None,0,0.000000,,False,"((Type=GroundHeightDiff,Value=0.000000))",False,False,None,None
NewRow_84,ShadowBall,Dark,False,Shot,300,300,False,Waza_L,False,1000,5000,5000,16.000000,S,Darkness,65,0.000000,None,0,0.000000,,False,,False,False,Strong,/Script/Engine.BlueprintGeneratedClass'/Game/Pal/Blueprint/Skill/_BulletEmiiterOverlap/PalWazaBulletEmiiterOverlap_ShadowBall.PalWazaBulletEmiiterOverlap_ShadowBall_C'
NewRow_94,Psychokinesis,Dark,True,Shot,700,700,False,Waza_L,False,0,5000,1000,30.000000,None,None,0,0.000000,None,0,0.000000,,False,"((Type=GroundHeightDiff,Value=0.000000))",False,False,Strong,None
NewRow_115,Unique_BlackCentaur_TwoSpearRushes,Dark,True,Melee,700,700,False,Waza_L,False,0,1000,400,30.000000,S,None,0,0.000000,None,0,0.000000,,False,"((Type=GroundHeightDiff,Value=0.000000))",False,False,None,None
NewRow_106,DarkLaser,Dark,False,Shot,450,450,False,Waza_L,True,500,1800,1800,20.000000,None,Darkness,100,0.000000,None,0,0.000000,,False,,False,False,Strong,None
NewRow_103,Unique_BlackGriffon_TackleLaser,Dark,True,Shot,400,400,False,Waza_M,False,0,2500,2500,20.000000,None,None,0,0.000000,None,0,0.000000,,False,,False,False,None,None
NewRow_117,DarkLegion,Dark,False,Shot,600,600,False,Waza_M,False,0,1500,3000,30.000000,None,Darkness,100,0.000000,None,0,0.000000,,False,,False,False,Strong,/Script/Engine.BlueprintGeneratedClass'/Game/Pal/Blueprint/Skill/_BulletEmiiterOverlap/PalWazaBulletEmiiterOverlap_DarkLegion.PalWazaBulletEmiiterOverlap_DarkLegion_C'
NewRow_119,Unique_WeaselDragon_FlyingTackle,Dragon,True,Melee,80,80,False,Waza_M,False,300,1500,300,4.000000,None,None,0,0.000000,None,0,0.000000,,False,"((Type=GroundHeightDiff,Value=0.000000))",False,False,None,None
NewRow_120,Tremor,Earth,False,Shot,300,300,False,Waza_L,False,0,1200,400,16.000000,None,Muddy,100,0.000000,None,0,0.000000,,False,"((Type=GroundHeightDiff,Value=0.000000))",False,False,Strong,None
NewRow_121,DiamondFall,Ice,False,Shot,600,600,False,Waza_L,True,0,5000,5000,30.000000,None,Freeze,100,0.000000,None,0,0.000000,,False,,False,False,Strong,None
NewRow_122,BeamSlicer,Dragon,False,Shot,350,350,False,Waza_L,True,0,4000,4000,16.000000,None,Burn,100,0.000000,None,0,0.000000,,False,,False,False,Strong,None
NewRow_123,Unique_NightLady_WarpBeam,Dark,True,Shot,600,600,False,Waza_L,True,0,5000,5000,30.000000,None,None,0,0.000000,None,0,0.000000,"((Type=vsWood_Raid,Rate=999.000000),(Type=vsStone_Raid,Rate=999.000000))",False,,False,False,None,None
NewRow_124,Unique_NightLady_FlameNightmare,Dark,True,Shot,450,450,False,Waza_L,True,0,3000,3000,20.000000,None,Burn,100,0.000000,None,0,0.000000,"((Type=vsWood_Raid,Rate=333.000000),(Type=vsStone_Raid,Rate=333.000000))",False,"((Type=GroundHeightDiff,Value=0.000000))",False,False,None,None
NewRow_125,Commet,Dragon,False,Shot,180,180,False,Waza_L,True,0,5000,5000,8.000000,None,Burn,100,0.000000,None,0,0.000000,,False,,False,False,Medium,None
NewRow_126,DarkPulse,Dark,False,Shot,60,60,False,Waza_S,False,1200,5000,5000,4.000000,None,Darkness,35,0.000000,None,0,0.000000,,False,,False,False,Weak,None
NewRow_127,DarkCanon,Dark,False,Shot,70,70,False,Waza_S,False,500,5000,5000,4.000000,None,Darkness,20,0.000000,None,0,0.000000,,False,,False,False,Weak,None
NewRow_128,DarkArrow,Dark,False,Shot,120,120,False,Waza_M,False,500,5000,5000,8.000000,None,Darkness,102,0.000000,None,0,0.000000,,False,,False,False,Medium,None
NewRow_130,Apocalypse,Dark,False,Shot,400,400,False,Waza_L,True,100,5000,600,20.000000,None,Darkness,100,0.000000,None,0,0.000000,,False,"((Type=GroundHeightDiff,Value=0.000000))",False,False,Strong,None
NewRow_131,Unique_NightLady_WarpBeam_Straight,Dark,True,Shot,600,600,False,Waza_L,True,0,5000,5000,30.000000,None,None,0,0.000000,None,0,0.000000,"((Type=vsWood_Raid,Rate=999.000000),(Type=vsStone_Raid,Rate=999.000000))",False,,False,False,None,None
NewRow_132,Unique_DarkScorpion_Pierce,Earth,True,Melee,350,350,False,Waza_L,False,0,3000,500,16.000000,S,Poison,100,0.000000,None,0,0.000000,,False,"((Type=GroundHeightDiff,Value=0.000000))",False,False,None,None
NewRow_133,StarMine,Normal,True,Shot,400,400,False,Waza_L,True,0,5000,5000,20.000000,None,None,0,0.000000,None,0,0.000000,,False,,True,False,Strong,None
NewRow_134,Unique_FeatherOstrich_Tossin,Earth,True,Melee,250,250,False,Waza_M,False,300,3500,300,12.000000,None,None,0,0.000000,None,0,0.000000,,False,"((Type=GroundHeightDiff,Value=0.000000))",False,False,None,None
NewRow_135,RootLance,Leaf,False,Shot,300,300,False,Waza_M,True,0,5000,300,16.000000,None,IvyCling,100,0.000000,None,0,0.000000,,False,"((Type=GroundHeightDiff,Value=0.000000))",False,False,Medium,None
NewRow_136,Unique_ThunderDragonMan_NumerousSwordAttack,Electricity,True,Shot,600,600,False,Waza_L,False,0,5000,5000,30.000000,None,Electrical,100,0.000000,None,0,0.000000,,False,,False,False,None,/Script/Engine.BlueprintGeneratedClass'/Game/Pal/Blueprint/Skill/_BulletEmiiterOverlap/PalWazaBulletEmiiterOverlap_Unique_ThunderDragonMan_NumerousSwordAttack.PalWazaBulletEmiiterOverlap_Unique_ThunderDragonMan_NumerousSwordAttack_C'
NewRow_137,Unique_KingBahamut_AirCrash,Dragon,True,Melee,700,700,False,Waza_L,True,0,5000,5000,30.000000,None,Burn,100,0.000000,None,0,0.000000,"((Type=vsWood_Raid,Rate=50.000000),(Type=vsStone_Raid,Rate=50.000000))",False,,True,False,None,None
NewRow_138,LineGeyser,Water,False,Shot,160,160,False,Waza_L,True,0,2500,1200,8.000000,None,Wetness,100,0.000000,None,0,0.000000,,False,,False,False,Strong,None
NewRow_139,ChargeCanon,Dragon,False,Shot,400,400,False,Waza_L,False,0,4000,4000,20.000000,None,Burn,100,0.000000,None,0,0.000000,,False,,True,False,None,None
NewRow_140,Unique_KingBahamut_ArmSmash,Fire,True,Melee,600,600,False,Waza_L,True,0,600,1000,30.000000,None,Burn,100,0.000000,None,0,0.000000,"((Type=vsWood_Raid,Rate=50.000000),(Type=vsStone_Raid,Rate=50.000000))",False,"((Type=GroundHeightDiff,Value=0.000000))",True,False,None,None
NewRow_141,Unique_WingGolem_RoundCutter,Earth,True,Shot,450,450,False,Waza_L,True,0,3500,3500,20.000000,None,None,0,0.000000,None,0,0.000000,,False,,False,False,None,None
NewRow_142,BlastCanon,Dragon,False,Shot,200,200,False,Waza_L,False,0,3000,3000,12.000000,None,Burn,100,0.000000,None,0,0.000000,,False,,True,False,None,None
NewRow_143,ThreeCommet,Dragon,False,Shot,450,450,False,Waza_L,True,0,5000,5000,20.000000,None,Burn,100,0.000000,None,0,0.000000,,False,,False,False,Strong,None
NewRow_144,CommetRain,Dragon,False,Shot,700,700,False,Waza_L,True,0,5000,5000,30.000000,None,Burn,100,0.000000,None,0,0.000000,,False,,False,False,Strong,None
NewRow_145,Eruption,Fire,False,Shot,450,450,False,Waza_M,True,0,2000,5000,20.000000,None,Burn,100,0.000000,None,0,0.000000,,False,,False,False,Strong,None
NewRow_146,Unique_ElecPanda_GatlingAttack,Electricity,True,Shot,550,550,False,Waza_M,False,300,3000,3000,24.000000,None,Electrical,100,0.000000,None,0,0.000000,,False,,False,False,None,None
NewRow_147,Unique_LilyQueen_LilyHealing,Leaf,True,Shot,0,0,False,Waza_M,True,0,9999,9999,240.000000,None,None,0,0.000000,None,0,0.000000,,False,"((Type=HPBelow,Value=0.700000))",False,False,None,None
NewRow_148,HolyBlast,Normal,False,Shot,700,700,False,Waza_M,True,0,5000,1000,30.000000,None,None,0,0.000000,None,0,0.000000,,False,,False,False,Strong,None
NewRow_149,Unique_DarkAlien_JumpScractch,Dark,True,Shot,350,350,False,Waza_M,False,500,3000,3000,16.000000,None,Darkness,30,0.000000,None,0,0.000000,,False,"((Type=GroundHeightDiff,Value=0.000000))",False,False,None,None
NewRow_150,Unique_MoonQueen_MoonBeam,Normal,True,Shot,600,600,False,Waza_L,True,300,3000,3000,30.000000,None,Burn,100,0.000000,None,0,0.000000,,False,,False,False,None,None
NewRow_151,FlameWall,Fire,False,Shot,250,250,False,Waza_M,True,0,5000,400,12.000000,None,Burn,100,0.000000,None,0,0.000000,,False,"((Type=GroundHeightDiff,Value=0.000000))",False,False,Medium,None
NewRow_152,AirBlade,Normal,False,Shot,160,160,False,Waza_M,True,1500,5000,5000,8.000000,None,None,0,0.000000,None,0,0.000000,,False,,False,False,Medium,None
NewRow_153,Unique_MoonQueen_MoonBlade,Normal,True,Shot,350,350,False,Waza_L,True,300,3000,3000,16.000000,None,None,0,0.000000,None,0,0.000000,,False,,False,False,None,None
NewRow_154,Unique_SifuDog_Counter,Normal,True,Melee,450,450,False,Waza_L,True,0,5000,5000,20.000000,None,None,0,0.000000,None,0,0.000000,,False,,False,False,None,None
NewRow_155,WallSplash,Water,False,Shot,300,300,False,Waza_L,True,0,5000,900,16.000000,None,Wetness,100,0.000000,None,0,0.000000,,False,"((Type=GroundHeightDiff,Value=0.000000))",False,False,Medium,None
NewRow_156,TriSpark,Electricity,False,Shot,250,250,False,Waza_M,False,300,3000,3000,12.000000,None,Electrical,100,0.000000,None,0,0.000000,,False,,False,False,Medium,None
NewRow_157,ThunderStorm,Electricity,False,Shot,600,600,False,Waza_M,True,0,5000,2000,30.000000,None,None,0,0.000000,None,0,0.000000,,False,"((Type=GroundHeightDiff,Value=0.000000))",False,False,Strong,None
NewRow_158,Unique_ScorpionMan_Uppercut,Dark,True,Melee,350,350,False,Waza_M,False,0,3000,1000,16.000000,None,Poison,100,0.000000,None,0,0.000000,,False,"((Type=GroundHeightDiff,Value=0.000000))",False,False,None,None
NewRow_159,FlameFunnel,Fire,False,Shot,300,300,False,Waza_M,True,0,5000,5000,16.000000,None,Burn,100,0.000000,None,0,0.000000,,False,,False,False,Medium,/Script/Engine.BlueprintGeneratedClass'/Game/Pal/Blueprint/Skill/_BulletEmiiterOverlap/PalWazaBulletEmiiterOverlap_FlameFunnel.PalWazaBulletEmiiterOverlap_FlameFunnel_C'
NewRow_160,SandTwister,Earth,False,Shot,500,500,False,Waza_M,True,0,5000,600,24.000000,None,Muddy,100,0.000000,None,0,0.000000,,False,"((Type=GroundHeightDiff,Value=0.000000))",False,False,Medium,None
NewRow_161,RangeThunder,Electricity,False,Shot,500,500,False,Waza_L,True,0,2000,800,24.000000,None,Electrical,100,0.000000,None,0,0.000000,,False,"((Type=GroundHeightDiff,Value=0.000000))",False,False,Strong,None
NewRow_162,Railbolt,Electricity,False,Shot,600,600,False,Waza_L,True,500,3000,3000,30.000000,None,Electrical,100,0.000000,None,0,0.000000,,False,,False,False,Strong,None
NewRow_163,ShokeiLaser,Electricity,False,Shot,600,600,False,Waza_L,False,0,5000,5000,30.000000,None,Electrical,100,0.000000,None,0,0.000000,,False,,False,False,Strong,None
NewRow_164,BubbleShower,Dark,False,Shot,160,160,False,Waza_M,False,0,1000,600,8.000000,None,Poison,100,0.000000,None,0,0.000000,,False,"((Type=GroundHeightDiff,Value=0.000000))",False,False,None,None
NewRow_165,WaterBalloon,Water,True,Shot,90,90,False,Waza_M,False,100,3000,3000,4.000000,None,None,0,0.000000,None,0,0.000000,,False,,False,True,Strong,None
NewRow_167,IciclePierce,Ice,False,Shot,250,250,False,Waza_M,True,100,3000,3000,12.000000,None,Freeze,100,0.000000,None,0,0.000000,,False,,False,False,Medium,/Script/Engine.BlueprintGeneratedClass'/Game/Pal/Blueprint/Skill/_BulletEmiiterOverlap/PalWazaBulletEmiiterOverlap_IciclePierce.PalWazaBulletEmiiterOverlap_IciclePierce_C'
NewRow_168,DoubleIcicleThrow,Ice,False,Shot,700,700,False,Waza_M,True,1000,5000,5000,30.000000,None,Freeze,100,0.000000,None,0,0.000000,,False,,False,False,Medium,/Script/Engine.BlueprintGeneratedClass'/Game/Pal/Blueprint/Skill/_BulletEmiiterOverlap/PalWazaBulletEmiiterOverlap_DoubleIcicleThrow.PalWazaBulletEmiiterOverlap_DoubleIcicleThrow_C'
NewRow_169,IceAge,Ice,False,Shot,700,700,False,Waza_L,True,100,3000,600,30.000000,None,Freeze,100,0.000000,None,0,0.000000,,False,"((Type=GroundHeightDiff,Value=0.000000))",False,False,Medium,None
NewRow_170,RaidCutter,Leaf,False,Shot,400,400,False,Waza_M,False,500,5000,5000,20.000000,None,IvyCling,35,0.000000,None,0,0.000000,,False,,False,False,Strong,None
NewRow_171,WindEdge,Leaf,False,Shot,200,200,False,Waza_M,True,1500,5000,5000,12.000000,None,IvyCling,35,0.000000,None,0,0.000000,,False,,False,False,Strong,None
NewRow_174,FlareTwister,Fire,True,Shot,130,130,False,Waza_M,True,0,5000,600,8.000000,None,Burn,100,0.000000,None,0,0.000000,,False,"((Type=GroundHeightDiff,Value=0.000000))",False,True,None,None
NewRow_176,Unique_Horus_PerfectStorm,Fire,True,Shot,650,650,False,Waza_M,True,0,3000,600,30.000000,None,Burn,100,0.000000,None,0,0.000000,,False,"((Type=GroundHeightDiff,Value=0.000000))",False,False,None,None
NewRow_177,Unique_BlackGriffon_TackleLaser2,Dark,True,Shot,600,600,False,Waza_M,False,0,2500,2500,30.000000,None,None,0,0.000000,None,0,0.000000,,False,,False,False,None,None
NewRow_178,Unique_MoonQueen_IceMoonBlade,Normal,True,Shot,700,700,False,Waza_L,True,300,3000,3000,30.000000,None,None,0,0.000000,None,0,0.000000,,False,,False,False,None,None
NewRow_179,IcicleLine,Ice,False,Shot,300,300,False,Waza_L,True,0,2500,350,16.000000,None,Freeze,100,0.000000,None,0,0.000000,,False,"((Type=GroundHeightDiff,Value=0.000000))",False,False,Medium,None
NewRow_180,Unique_Manticore_InfernoStrike,Fire,True,Melee,400,400,False,Waza_L,False,1500,5000,500,20.000000,None,Burn,50,0.000000,None,0,0.000000,,False,"((Type=GroundHeightDiff,Value=0.000000))",False,False,None,None
NewRow_181,Unique_ThunderBird_ThunderStorm,Electricity,True,Melee,180,180,False,Waza_M,False,500,1500,350,8.000000,None,Electrical,100,0.000000,None,0,0.000000,,False,"((Type=GroundHeightDiff,Value=0.000000))",False,False,None,None
NewRow_182,Unique_LilyQueen_WindBarrier,Leaf,True,Shot,60,60,False,Waza_L,True,0,9999,9999,4.000000,None,IvyCling,35,0.000000,None,0,0.000000,,False,,False,False,None,None
NewRow_183,Unique_BlackMetalDragon_FirePunch,Dragon,True,Shot,450,450,False,Waza_S,False,0,1000,1000,20.000000,None,Burn,100,0.000000,None,0,0.000000,,False,"((Type=GroundHeightDiff,Value=0.000000))",False,False,None,None
NewRow_184,Unique_GrassRabbitMan_GrassRoundKick,Leaf,True,Melee,250,250,False,Waza_M,False,0,1200,300,12.000000,None,IvyCling,100,0.000000,None,0,0.000000,,False,"((Type=GroundHeightDiff,Value=0.000000))",False,False,None,None
NewRow_185,Unique_Yeti_SnowBall,Ice,True,Melee,400,400,False,Waza_L,False,0,3000,3000,20.000000,None,Freeze,100,0.000000,None,0,0.000000,,False,"((Type=GroundHeightDiff,Value=0.000000))",False,False,None,None
NewRow_186,Unique_Umihebi_WindingTackle,Water,True,Melee,400,400,False,Waza_L,False,0,2000,300,20.000000,None,Wetness,100,0.000000,None,0,0.000000,,False,"((Type=GroundHeightDiff,Value=0.000000))",False,False,None,None
NewRow_187,Unique_SoldierBee_NeedleLance,Leaf,True,Melee,120,120,False,Waza_M,False,0,2000,300,8.000000,None,Poison,55,0.000000,None,0,0.000000,,False,"((Type=GroundHeightDiff,Value=0.000000))",False,False,None,None
NewRow_188,Unique_RedArmorBird_TriplePeck,Fire,True,Melee,200,200,False,Waza_M,False,0,550,400,12.000000,None,Burn,100,0.000000,None,0,0.000000,,False,"((Type=GroundHeightDiff,Value=0.000000))",True,False,None,None
NewRow_189,Unique_ThunderDog_InazumaShorai,Electricity,True,Melee,100,100,False,Waza_M,False,500,1200,300,8.000000,None,Electrical,100,0.000000,None,0,0.000000,,False,"((Type=GroundHeightDiff,Value=0.000000))",False,False,None,None
NewRow_190,Unique_GhostBeast_Tossin,Dark,True,Melee,300,300,False,Waza_M,False,1000,2500,2500,16.000000,None,Darkness,100,0.000000,None,0,0.000000,,False,,False,False,None,None
NewRow_191,Unique_BirdDragon_FireBreath,Fire,True,Shot,200,200,False,Waza_M,True,0,1000,400,12.000000,None,Burn,100,0.000000,None,0,0.000000,,False,"((Type=GroundHeightDiff,Value=0.000000))",False,False,None,None
NewRow_192,Unique_WhiteTiger_IceScratch,Ice,True,Melee,300,300,False,Waza_M,False,0,300,300,16.000000,None,Freeze,100,0.000000,None,0,0.000000,,False,"((Type=GroundHeightDiff,Value=0.000000))",False,False,None,None
NewRow_193,Unique_DarkMechaDragon_SetFunnel,Dragon,True,Shot,400,400,False,Waza_M,True,0,5000,5000,20.000000,None,None,0,0.000000,None,0,0.000000,,False,,False,False,None,None
NewRow_194,Unique_DarkMechaDragon_FunnelLaser,Dragon,True,Shot,700,700,False,Waza_L,True,0,3500,3500,30.000000,None,None,0,0.000000,None,0,0.000000,"((Type=vsWood_Raid,Rate=50.000000),(Type=vsStone_Raid,Rate=50.000000))",False,,False,False,None,None
NewRow_195,Unique_DarkMechaDragon_ConvergentBeam,Dark,True,Shot,500,500,False,Waza_L,True,0,5000,5000,24.000000,None,Burn,100,0.000000,None,0,0.000000,"((Type=vsWood_Raid,Rate=50.000000),(Type=vsStone_Raid,Rate=50.000000))",False,,False,False,None,None
NewRow_196,Unique_DarkMechaDragon_BeamSlash,Dragon,True,Shot,450,450,False,Waza_L,False,0,3000,400,20.000000,None,None,0,0.000000,None,0,0.000000,"((Type=vsWood_Raid,Rate=50.000000),(Type=vsStone_Raid,Rate=50.000000))",False,"((Type=GroundHeightDiff,Value=0.000000))",False,False,None,None
NewRow_197,Unique_DarkMechaDragon_WarpComet,Dragon,True,Shot,600,600,False,Waza_L,True,0,5000,5000,30.000000,None,Burn,100,0.000000,None,0,0.000000,"((Type=vsWood_Raid,Rate=50.000000),(Type=vsStone_Raid,Rate=50.000000))",False,,False,False,None,None
NewRow_198,Unique_BirdDragon_Ice_IceBreath,Ice,True,Shot,200,200,False,Waza_L,True,0,1000,400,12.000000,None,Freeze,100,0.000000,None,0,0.000000,,False,"((Type=GroundHeightDiff,Value=0.000000))",False,False,None,None
NewRow_199,Unique_Umihebi_Fire_FireWindingTackle,Fire,True,Melee,400,400,False,Waza_L,False,0,2000,300,20.000000,None,Burn,100,0.000000,None,0,0.000000,,False,"((Type=GroundHeightDiff,Value=0.000000))",False,False,None,None
NewRow_200,PredatorWave,Normal,True,Shot,200,200,False,Waza_L,True,0,1000,400,20.000000,None,None,100,0.000000,None,0,0.000000,,False,"((Type=GroundHeightDiff,Value=0.000000))",False,False,Strong,None
NewRow_201,PredatorBeam,Normal,True,Shot,600,600,False,Waza_L,True,0,3000,3000,20.000000,None,None,100,0.000000,None,0,0.000000,,False,,False,False,Strong,None
NewRow_202,PredatorLockon,Normal,True,Shot,400,400,False,Waza_L,False,0,5000,5000,20.000000,None,None,100,0.000000,None,0,0.000000,,False,,False,False,Strong,None
NewRow_203,Unique_WhiteTiger_Ground_IronScratch,Earth,True,Melee,300,300,False,Waza_M,False,0,300,300,16.000000,None,Muddy,100,0.000000,None,0,0.000000,,False,"((Type=GroundHeightDiff,Value=0.000000))",False,False,None,None
NewRow_204,Unique_FengyunDeeper_Electric_ThunderTempest,Electricity,True,Melee,300,300,False,Waza_M,False,550,2000,450,16.000000,None,Electrical,100,0.000000,None,0,0.000000,,False,"((Type=GroundHeightDiff,Value=0.000000))",False,False,None,None
NewRow_205,Unique_Werewolf_Ice_SnowScratch,Ice,True,Melee,160,160,False,Waza_M,False,400,500,500,8.000000,None,Freeze,100,0.000000,None,0,0.000000,,False,"((Type=GroundHeightDiff,Value=0.000000))",False,False,None,None
NewRow_206,Unique_Horus_Water_AquaStorm,Water,True,Melee,320,320,False,Waza_L,False,500,3000,600,16.000000,None,Wetness,100,0.000000,None,0,0.000000,,False,"((Type=GroundHeightDiff,Value=0.000000))",False,False,None,None
NewRow_207,Unique_AmaterasuWolf_Dark_DarkCharge,Dark,True,Melee,250,250,False,Waza_M,False,1000,3500,400,12.000000,S,Darkness,50,0.000000,None,0,0.000000,,False,"((Type=GroundHeightDiff,Value=0.000000))",False,False,None,None
NewRow_210,RockBeat,Earth,False,Melee,600,600,False,Waza_L,True,0,5000,2000,30.000000,None,Muddy,100,0.000000,None,0,0.000000,,False,"((Type=GroundHeightDiff,Value=0.000000))",False,False,None,None
NewRow_211,Unique_Yeti_Grass_GrassBall,Leaf,True,Melee,400,400,False,Waza_L,False,0,3000,3000,20.000000,None,IvyCling,100,0.000000,None,0,0.000000,,False,,False,False,None,None
NewRow_212,Unique_SnowTigerBeastman_SnowImpact,Ice,True,Melee,650,650,False,Waza_L,False,0,3000,3000,30.000000,None,Freeze,100,0.000000,None,0,0.000000,,False,,False,False,None,None
NewRow_213,Unique_PurpleSpider_SpiderRaid,Dark,True,Melee,250,250,False,Waza_M,False,0,1500,1500,12.000000,None,Poison,100,0.000000,None,0,0.000000,,False,,False,False,None,None
NewRow_214,Unique_SnowTigerBeastman_TrampleSlash,Ice,True,Melee,300,300,False,Waza_M,False,0,1200,300,16.000000,None,Freeze,100,0.000000,None,0,0.000000,,False,"((Type=GroundHeightDiff,Value=0.000000))",False,False,None,None
NewRow_215,Unique_MysteryMask_LifeSteal,Dark,True,Melee,400,400,False,Waza_M,True,0,5000,300,20.000000,None,None,0,0.000000,None,0,0.000000,,False,"((Type=GroundHeightDiff,Value=0.000000))",False,False,None,None
NewRow_216,Unique_GrimGirl_BrutalMachete,Dark,True,Melee,500,500,False,Waza_M,True,0,4000,4000,24.000000,None,Darkness,100,0.000000,None,0,0.000000,,False,,False,False,None,None
NewRow_217,Unique_WhiteShieldDragon_ShieldTackle,Dragon,True,Melee,600,600,False,Waza_L,False,0,4000,500,30.000000,None,None,0,0.000000,None,0,0.000000,,False,"((Type=GroundHeightDiff,Value=0.000000))",False,False,None,None
NewRow_218,Unique_BlueThunderHorse_FlashDash,Electricity,True,Melee,600,600,False,Waza_L,False,0,5000,500,30.000000,None,Electrical,100,0.000000,None,0,0.000000,,False,"((Type=GroundHeightDiff,Value=0.000000))",False,False,None,None
NewRow_219,Unique_WhiteDeer_HolyPillar,Normal,True,Shot,700,700,False,Waza_L,True,0,2000,1600,30.000000,None,None,0,0.000000,None,0,0.000000,,False,"((Type=GroundHeightDiff,Value=0.000000))",False,False,None,None
NewRow_220,Unique_NightBlueHorse_DeathStep,Dark,True,Melee,550,550,False,Waza_M,True,1200,3000,3000,24.000000,None,Darkness,100,0.000000,None,0,0.000000,,False,,False,False,None,None
NewRow_221,Unique_GoldenHorse_StoneDash,Earth,True,Melee,500,500,False,Waza_M,False,500,3000,300,24.000000,None,Muddy,100,0.000000,None,0,0.000000,,False,"((Type=GroundHeightDiff,Value=0.000000))",False,False,None,None
NewRow_222,Funnel_RaijinDaughter_Water,Dark,True,Shot,30,30,False,Waza_S,False,500,3000,3000,8.000000,None,None,0,0.000000,None,0,0.000000,,False,,False,False,None,None
NewRow_223,BlueThunderHorse_PartnerSkill,Electricity,True,Melee,30,30,False,Waza_S,False,0,5000,5000,55.000000,None,Electrical,30,0.000000,None,0,0.000000,,False,,False,False,None,None
NewRow_224,SeaGush,Water,False,Melee,600,600,False,Waza_L,True,0,5000,1600,30.000000,None,Wetness,100,0.000000,None,0,0.000000,,False,"((Type=GroundHeightDiff,Value=0.000000))",False,False,None,None
NewRow_129,RipTide,Water,False,Shot,500,500,False,Waza_L,True,0,5000,1100,24.000000,None,Wetness,100,0.000000,None,0,0.000000,,False,"((Type=GroundHeightDiff,Value=0.000000))",False,False,None,None
NewRow_172,HydroSlicer,Water,False,Shot,350,350,False,Waza_L,True,0,4000,4000,16.000000,None,Wetness,100,0.000000,None,0,0.000000,,False,,False,False,None,None
NewRow_173,DiversionLaser,Water,False,Shot,250,250,False,Waza_L,True,500,3000,3000,12.000000,None,Wetness,100,0.000000,None,0,0.000000,,False,,False,False,None,None
NewRow_175,CrossWind,Leaf,False,Shot,500,500,False,Waza_L,True,0,5000,5000,24.000000,None,IvyCling,100,0.000000,None,0,0.000000,,False,,False,False,None,None
NewRow_166,IceWall,Ice,False,Shot,200,200,False,Waza_L,True,0,5000,600,12.000000,None,Freeze,100,0.000000,None,0,0.000000,,False,"((Type=GroundHeightDiff,Value=0.000000))",False,False,None,None
NewRow_225,Unique_OctopursGirl_InkJet,Water,True,Shot,120,120,False,Waza_M,False,0,4000,300,8.000000,None,Wetness,100,0.000000,None,0,0.000000,,False,"((Type=GroundHeightDiff,Value=0.000000))",False,False,None,None
NewRow_226,Unique_TentacleTurtle_HydroSpin,Water,True,Shot,160,160,False,Waza_M,False,1000,2000,2000,8.000000,None,Wetness,100,0.000000,None,0,0.000000,,False,,False,False,None,None
NewRow_227,Unique_LeafMomonga_SomerSault,Leaf,True,Shot,250,250,False,Waza_M,False,500,1000,1000,12.000000,None,IvyCling,100,0.000000,None,0,0.000000,,False,,False,False,None,None
NewRow_228,Unique_IceNarwhal_JumpingHorn,Ice,True,Shot,600,600,False,Waza_L,True,0,4000,700,30.000000,None,Freeze,100,0.000000,None,0,0.000000,,False,"((Type=GroundHeightDiff,Value=0.000000))",False,False,None,None
NewRow_229,Unique_GhostAnglerfish_SweepBait,Water,True,Shot,450,450,False,Waza_M,True,0,1000,400,20.000000,None,Wetness,100,0.000000,None,0,0.000000,,False,"((Type=GroundHeightDiff,Value=0.000000))",False,False,None,None
NewRow_230,Unique_StuffedShark_HiddenWeapon,Water,True,Shot,300,300,False,Waza_M,False,0,4000,4000,16.000000,None,Wetness,100,0.000000,None,0,0.000000,,False,,False,False,None,None
NewRow_231,GravityShot,Dark,False,Shot,40,40,False,Waza_S,False,500,4000,9999,2.000000,None,Darkness,20,0.000000,None,0,0.000000,,False,,False,False,None,None
NewRow_232,ThunderSpear,Electricity,False,Shot,40,40,False,Waza_S,False,500,4000,9999,2.000000,None,Electrical,35,0.000000,None,0,0.000000,,False,,False,False,None,None
NewRow_233,ReflectiveShuriken,Leaf,False,Shot,400,400,False,Waza_M,False,500,4000,4000,20.000000,None,IvyCling,100,0.000000,None,0,0.000000,,False,,False,False,None,None
NewRow_234,HealingTree,Leaf,True,Shot,1,1,False,Waza_M,False,0,4000,4000,2.000000,None,None,100,0.000000,None,0,0.000000,,False,,False,True,None,None
NewRow_235,Unique_IceCrocodile_SpitAttack,Ice,True,Shot,180,180,False,Waza_M,False,500,2000,2000,8.000000,None,Freeze,100,0.000000,None,0,0.000000,,False,,False,False,None,None
NewRow_236,Unique_YakushimaBoss002_PhantasmalDeathray,None,True,Shot,450,450,False,Waza_L,True,0,5000,5000,45.000000,None,None,100,0.000000,None,0,0.000000,"((Type=vsWood_Raid,Rate=0.000000),(Type=vsStone_Raid,Rate=0.000000))",False,,False,False,None,None
NewRow_237,Unique_YakushimaBoss002_PhantasmalEye,None,True,Shot,25,25,False,Waza_M,True,0,5000,5000,45.000000,None,None,100,0.000000,None,0,0.000000,"((Type=vsWood_Raid,Rate=0.000000),(Type=vsStone_Raid,Rate=0.000000))",False,,False,False,None,None
NewRow_238,Unique_YakushimaBoss002_PhantasmalBolt,None,True,Shot,80,80,False,Waza_M,True,0,5000,5000,45.000000,None,None,100,0.000000,None,0,0.000000,"((Type=vsWood_Raid,Rate=0.000000),(Type=vsStone_Raid,Rate=0.000000))",False,,False,False,None,None
NewRow_239,Unique_YakushimaBoss002_PhantasmalSphere,None,True,Shot,180,180,False,Waza_M,True,0,5000,5000,45.000000,None,None,100,0.000000,None,0,0.000000,"((Type=vsWood_Raid,Rate=0.000000),(Type=vsStone_Raid,Rate=0.000000))",False,,False,False,None,None
NewRow_240,Unique_Yakushima_EyeTossin,Dark,True,Melee,300,300,False,Waza_M,True,1500,3000,3000,15.000000,None,None,100,0.000000,None,0,0.000000,,False,,False,False,None,None
NewRow_241,Unique_Yakushima_SummonServant,Dark,True,Shot,300,300,False,Waza_M,True,0,1000,1000,10.000000,None,None,100,0.000000,None,0,0.000000,,False,,False,False,None,None
NewRow_242,Unique_GhostAnglerfish_Fire_SweepBait_Fire,Fire,True,Shot,450,450,False,Waza_M,True,0,1000,400,20.000000,None,Burn,100,0.000000,None,0,0.000000,"((Type=vsWood_Raid,Rate=0.000000),(Type=vsStone_Raid,Rate=0.000000))",False,"((Type=GroundHeightDiff,Value=0.000000))",False,False,None,None
NewRow_243,Unique_CaptainPenguin_Black_BodySlide_Electric,Electricity,True,Shot,400,400,False,Waza_L,False,500,3000,300,20.000000,S,Electrical,100,0.000000,None,0,0.000000,,False,"((Type=GroundHeightDiff,Value=0.000000))",False,False,None,None
NewRow_244,Unique_Plesiosaur_LongBreath,Leaf,True,Shot,400,400,False,Waza_M,False,0,3000,3000,20.000000,None,IvyCling,50,0.000000,None,0,0.000000,,False,,False,False,None,None
NewRow_245,Unique_TropicalOstrich_DashKick,Leaf,True,Melee,300,300,False,Waza_M,False,0,3000,400,16.000000,None,IvyCling,100,0.000000,None,0,0.000000,,False,"((Type=GroundHeightDiff,Value=0.000000))",False,False,None,None
NewRow_246,Unique_Yakushima_MouthTossin,Dark,True,Melee,300,300,False,Waza_M,True,1500,3000,3000,15.000000,None,None,100,0.000000,None,0,0.000000,,False,,False,False,None,None
NewRow_247,Unique_YakushimaBoss001_Green_PhantasmalBolt,None,True,Shot,40,40,False,Waza_M,False,0,2000,2000,45.000000,None,None,100,0.000000,None,0,0.000000,"((Type=vsWood_Raid,Rate=0.000000),(Type=vsStone_Raid,Rate=0.000000))",False,,False,False,None,None
NewRow_248,Unique_YakushimaBoss001_Green_PhantasmalEye,None,True,Shot,10,10,False,Waza_M,False,0,2000,2000,45.000000,None,None,100,0.000000,None,0,0.000000,"((Type=vsWood_Raid,Rate=0.000000),(Type=vsStone_Raid,Rate=0.000000))",False,,False,False,None,None
NewRow_249,Unique_YakushimaBoss001_Green_PhantasmalSphere,None,True,Shot,90,90,False,Waza_M,False,0,2000,2000,45.000000,None,None,100,0.000000,None,0,0.000000,"((Type=vsWood_Raid,Rate=0.000000),(Type=vsStone_Raid,Rate=0.000000))",False,,False,False,None,None
NewRow_250,Unique_YakushimaBoss001_Green_PhantasmalDeathray,None,True,Shot,200,200,False,Waza_M,False,0,2000,2000,45.000000,None,None,100,0.000000,None,0,0.000000,"((Type=vsWood_Raid,Rate=0.000000),(Type=vsStone_Raid,Rate=0.000000))",False,,False,False,None,None
NewRow_251,Unique_PoseidonOrca_TorrentLaser,Water,True,Shot,700,700,False,Waza_L,True,0,5000,5000,30.000000,None,Wetness,100,0.000000,None,0,0.000000,,False,,False,False,None,None
NewRow_252,Unique_YakushimaMonster001_SlimePress_Normal,Normal,True,Melee,50,50,False,Waza_S,False,0,600,600,1.000000,None,None,0,0.000000,None,0,0.000000,,False,"((Type=GroundHeightDiff,Value=0.000000))",False,False,None,None
NewRow_253,Unique_YakushimaMonster001_SlimePress_Leaf,Leaf,True,Melee,50,50,False,Waza_S,False,0,600,600,1.000000,None,IvyCling,50,0.000000,None,0,0.000000,,False,"((Type=GroundHeightDiff,Value=0.000000))",False,False,None,None
NewRow_254,Unique_YakushimaMonster001_SlimePress_Water,Water,True,Melee,50,50,False,Waza_S,False,0,600,600,1.000000,None,Wetness,50,0.000000,None,0,0.000000,,False,"((Type=GroundHeightDiff,Value=0.000000))",False,False,None,None
NewRow_255,Unique_YakushimaMonster001_SlimePress_Fire,Fire,True,Melee,50,50,False,Waza_S,False,0,600,600,1.000000,None,Burn,50,0.000000,None,0,0.000000,,False,"((Type=GroundHeightDiff,Value=0.000000))",False,False,None,None
NewRow_256,Unique_YakushimaMonster001_SlimePress_Dark,Dark,True,Melee,50,50,False,Waza_S,False,0,600,600,1.000000,None,Darkness,50,0.000000,None,0,0.000000,,False,"((Type=GroundHeightDiff,Value=0.000000))",False,False,None,None
NewRow_257,Unique_YakushimaMonster001_SlimePress_Rainbow,Normal,True,Melee,100,100,False,Waza_M,False,0,600,600,1.000000,None,None,0,0.000000,None,0,0.000000,,False,"((Type=GroundHeightDiff,Value=0.000000))",False,False,None,None
NewRow_258,Unique_YakushimaBoss001_Small_DemonEyeCharge,Dark,True,Melee,60,60,False,Waza_S,False,0,600,2000,1.000000,None,Darkness,50,0.000000,None,0,0.000000,,False,"((Type=GroundHeightDiff,Value=0.000000))",False,False,None,None
NewRow_259,Unique_YakushimaMonster002_SwordCharge,Normal,True,Melee,80,80,False,Waza_S,False,0,1200,2000,1.000000,None,None,0,0.000000,None,0,0.000000,,False,"((Type=GroundHeightDiff,Value=0.000000))",False,False,None,None
NewRow_260,Unique_YakushimaMonster003_BatCharge,Normal,True,Melee,70,70,False,Waza_S,False,0,500,2000,1.000000,None,None,0,0.000000,None,0,0.000000,,False,"((Type=GroundHeightDiff,Value=0.000000))",False,False,None,None
NewRow_261,Unique_BluePlatypus_Toboggan_Fire,Fire,True,Melee,115,115,False,Waza_M,False,0,500,500,120.000000,XS,Burn,100,0.000000,None,0,0.000000,,False,,False,False,None,None
NewRow_262,PoseidonOrca_PartnerSkill,Water,True,Melee,60,60,False,Waza_M,False,0,5000,5000,55.000000,None,Wetness,30,0.000000,None,0,0.000000,,False,,False,False,None,None
NewRow_263,PoseidonOrca_PartnerSkill_SpearBullet,Water,True,Shot,50,50,False,Waza_M,False,0,5000,5000,55.000000,None,Wetness,30,0.000000,None,0,0.000000,,False,,False,False,None,None
NewRow_264,Human_Rolling,Normal,True,Melee,0,0,False,Waza_M,False,0,0,0,1.000000,None,None,0,0.000000,None,0,0.000000,,True,,False,False,None,None
NewRow_265,Weapon_Use,Normal,True,Shot,50,50,False,Waza_M,False,1000,3000,3000,5.000000,None,None,0,0.000000,None,0,0.000000,,True,,False,False,None,None
NewRow_266,Unique_FlowerDinosaur_Electric_ThunderWhip,Electricity,True,Shot,300,300,False,Waza_M,True,0,1500,200,16.000000,S,Electrical,100,0.000000,None,0,0.000000,,False,"((Type=GroundHeightDiff,Value=0.000000))",False,False,None,None
NewRow_267,Unique_KingAlpaca_Ice_IcePress,Ice,True,Melee,400,400,False,Waza_L,True,0,1000,1000,20.000000,S,Freeze,100,0.000000,None,0,0.000000,,False,"((Type=GroundHeightDiff,Value=0.000000))",False,False,None,None
NewRow_268,Unique_Baphomet_Dark_DarkKite,Dark,True,Melee,400,400,False,Waza_M,False,600,1200,500,20.000000,None,Darkness,100,0.000000,None,0,0.000000,,False,"((Type=GroundHeightDiff,Value=0.000000))",False,False,None,None
NewRow_269,Unique_SakuraSaurus_Water_SplashTackle,Water,True,Melee,250,250,False,Waza_M,False,0,300,300,12.000000,S,Wetness,100,0.000000,None,0,0.000000,,False,"((Type=GroundHeightDiff,Value=0.000000))",False,False,None,None
NewRow_270,Unique_Deer_Ground_DirtyHorn,Earth,True,Melee,120,120,False,Waza_M,False,550,2000,500,8.000000,None,Muddy,100,0.000000,None,0,0.000000,"((Type=vsWood,Rate=1.100000))",False,"((Type=GroundHeightDiff,Value=0.000000))",False,False,None,None
NewRow_271,Unique_Gorilla_Ground_EarthPunch,Earth,True,Melee,300,300,False,Waza_M,True,0,500,300,16.000000,None,Muddy,100,0.000000,None,0,0.000000,,False,"((Type=GroundHeightDiff,Value=0.000000))",False,False,None,None
NewRow_272,Unique_IceHorse_Dark_DarkBladeAttack,Dark,True,Melee,700,700,False,Waza_L,False,0,2500,400,30.000000,S,Darkness,100,0.000000,None,0,0.000000,,False,"((Type=GroundHeightDiff,Value=0.000000))",False,False,None,None
NewRow_273,Unique_YakushimaBoss002_2_PhantasmalDeathray,None,True,Shot,450,450,False,Waza_L,True,0,5000,5000,45.000000,None,None,100,0.000000,None,0,0.000000,"((Type=vsWood_Raid,Rate=5.000000),(Type=vsStone_Raid,Rate=5.000000))",False,,False,False,None,None
NewRow_274,Unique_YakushimaBoss002_2_PhantasmalEye,None,True,Shot,25,25,False,Waza_M,True,0,5000,5000,45.000000,None,None,100,0.000000,None,0,0.000000,"((Type=vsWood_Raid,Rate=5.000000),(Type=vsStone_Raid,Rate=5.000000))",False,,False,False,None,None
NewRow_275,Unique_YakushimaBoss002_2_PhantasmalBolt,None,True,Shot,80,80,False,Waza_M,True,0,5000,5000,45.000000,None,None,100,0.000000,None,0,0.000000,"((Type=vsWood_Raid,Rate=5.000000),(Type=vsStone_Raid,Rate=5.000000))",False,,False,False,None,None
NewRow_276,Unique_YakushimaBoss002_2_PhantasmalSphere,None,True,Shot,180,180,False,Waza_M,True,0,5000,5000,45.000000,None,None,100,0.000000,None,0,0.000000,"((Type=vsWood_Raid,Rate=5.000000),(Type=vsStone_Raid,Rate=5.000000))",False,,False,False,None,None
NewRow_277,Unique_YakushimaBoss001_Green_2_PhantasmalBolt,None,True,Shot,40,40,False,Waza_M,False,0,2000,2000,45.000000,None,None,100,0.000000,None,0,0.000000,"((Type=vsWood_Raid,Rate=10.000000),(Type=vsStone_Raid,Rate=10.000000))",False,,False,False,None,None
NewRow_278,Unique_YakushimaBoss001_Green_2_PhantasmalEye,None,True,Shot,10,10,False,Waza_M,False,0,2000,2000,45.000000,None,None,100,0.000000,None,0,0.000000,"((Type=vsWood_Raid,Rate=10.000000),(Type=vsStone_Raid,Rate=10.000000))",False,,False,False,None,None
NewRow_279,Unique_YakushimaBoss001_Green_2_PhantasmalSphere,None,True,Shot,90,90,False,Waza_M,False,0,2000,2000,45.000000,None,None,100,0.000000,None,0,0.000000,"((Type=vsWood_Raid,Rate=10.000000),(Type=vsStone_Raid,Rate=10.000000))",False,,False,False,None,None
NewRow_280,Unique_YakushimaBoss001_Green_2_PhantasmalDeathray,None,True,Shot,200,200,False,Waza_M,False,0,2000,2000,45.000000,None,None,100,0.000000,None,0,0.000000,"((Type=vsWood_Raid,Rate=10.000000),(Type=vsStone_Raid,Rate=10.000000))",False,,False,False,None,None
NewRow_281,Unique_Garm_BiteV2,Normal,True,Melee,40,40,False,Waza_S,False,0,180,350,2.000000,None,None,0,0.000000,None,0,0.000000,,False,,False,False,None,None
NewRow_282,Unique_ThunderDog_BiteV2,Electricity,True,Melee,40,40,False,Waza_S,False,0,180,350,2.000000,None,Electrical,50,0.000000,None,0,0.000000,,False,"((Type=GroundHeightDiff,Value=0.000000))",False,False,None,None
NewRow_283,Unique_ThunderDog_Bite,Electricity,True,Melee,50,50,False,Waza_S,False,800,900,350,2.000000,None,Electrical,50,0.000000,None,0,0.000000,,False,"((Type=GroundHeightDiff,Value=0.000000))",False,False,None,None
NewRow_284,Unique_GuardianDog_Bite,Normal,True,Melee,50,50,False,Waza_S,False,0,250,350,2.000000,None,None,0,0.000000,None,0,0.000000,,False,"((Type=GroundHeightDiff,Value=0.000000))",False,False,None,None
NewRow_285,Unique_GuardianDog_BiteV2,Normal,True,Melee,40,40,False,Waza_S,False,0,150,350,2.000000,None,None,0,0.000000,None,0,0.000000,,False,"((Type=GroundHeightDiff,Value=0.000000))",False,False,None,None
NewRow_286,Unique_GoldenHorse_Bite,Earth,True,Melee,50,50,False,Waza_S,False,1000,1100,350,2.000000,None,Muddy,50,0.000000,None,0,0.000000,,False,"((Type=GroundHeightDiff,Value=0.000000))",False,False,None,None
NewRow_287,Unique_GoldenHorse_BiteV2,Earth,True,Melee,40,40,False,Waza_S,False,0,250,350,2.000000,None,Muddy,50,0.000000,None,0,0.000000,,False,"((Type=GroundHeightDiff,Value=0.000000))",False,False,None,None
NewRow_288,Unique_AmaterasuWolf_Bite,Fire,True,Melee,50,50,False,Waza_S,False,800,900,350,2.000000,None,Burn,50,0.000000,None,0,0.000000,,False,"((Type=GroundHeightDiff,Value=0.000000))",False,False,None,None
NewRow_289,Unique_AmaterasuWolf_BiteV2,Fire,True,Melee,40,40,False,Waza_S,False,0,250,350,2.000000,None,Burn,50,0.000000,None,0,0.000000,,False,"((Type=GroundHeightDiff,Value=0.000000))",False,False,None,None
NewRow_290,Unique_AmaterasuWolf_Dark_Bite,Dark,True,Melee,50,50,False,Waza_S,False,800,900,350,2.000000,None,Darkness,50,0.000000,None,0,0.000000,,False,"((Type=GroundHeightDiff,Value=0.000000))",False,False,None,None
NewRow_291,Unique_AmaterasuWolf_Dark_BiteV2,Dark,True,Melee,40,40,False,Waza_S,False,0,250,350,2.000000,None,Darkness,50,0.000000,None,0,0.000000,,False,"((Type=GroundHeightDiff,Value=0.000000))",False,False,None,None
NewRow_292,Unique_BlackPuppy_Bite,Dark,True,Melee,50,50,False,Waza_S,False,0,250,350,2.000000,None,Darkness,50,0.000000,None,0,0.000000,,False,"((Type=GroundHeightDiff,Value=0.000000))",False,False,None,None
NewRow_293,Unique_BlackPuppy_BiteV2,Dark,True,Melee,40,40,False,Waza_S,False,0,150,350,2.000000,None,Darkness,50,0.000000,None,0,0.000000,,False,"((Type=GroundHeightDiff,Value=0.000000))",False,False,None,None
NewRow_294,Unique_VolcanoDragon_VolcanicLaser,Fire,True,Shot,700,700,False,Waza_S,True,0,4000,4000,30.000000,None,Burn,100,0.000000,None,0,0.000000,,False,,False,False,None,None
NewRow_295,Unique_VolcanoDragon_MagmaSpit,Fire,True,Shot,600,600,False,Waza_M,True,0,2500,2500,30.000000,None,Burn,100,0.000000,None,0,0.000000,,False,,False,False,None,None
NewRow_296,Unique_Sekhmet_SomersaultScratch,Earth,True,Melee,300,300,False,Waza_M,False,0,100,200,16.000000,None,None,0,0.000000,None,0,0.000000,,False,"((Type=GroundHeightDiff,Value=0.000000))",False,False,None,None
NewRow_297,Unique_Sekhmet_RollingScratch,Earth,True,Melee,400,400,False,Waza_M,False,400,3000,3000,20.000000,None,None,0,0.000000,None,0,0.000000,,False,,False,False,None,None
NewRow_298,Unique_NightBlueHorse_Tossin,Dark,True,Melee,450,450,False,Waza_M,False,0,2500,350,20.000000,S,Darkness,50,0.000000,None,0,0.000000,,False,"((Type=GroundHeightDiff,Value=0.000000))",False,False,None,None
NewRow_299,Unique_BlueThunderHorse_Tossin,Electricity,True,Melee,500,500,False,Waza_M,False,0,2500,350,24.000000,S,Electrical,100,0.000000,None,0,0.000000,,False,"((Type=GroundHeightDiff,Value=0.000000))",False,False,None,None
NewRow_300,Unique_LegendDeer_WarpPillarBurst,Normal,True,Shot,800,800,False,Waza_M,True,0,7500,7500,30.000000,None,None,0,0.000000,None,0,0.000000,"((Type=vsWood_Raid,Rate=30.000000),(Type=vsStone_Raid,Rate=30.000000))",False,,False,False,None,None
NewRow_301,Unique_LegendDeer_RadiantWingRush,Normal,True,Melee,700,700,False,Waza_M,False,0,5000,5000,30.000000,None,None,0,0.000000,None,0,0.000000,"((Type=vsWood_Raid,Rate=30.000000),(Type=vsStone_Raid,Rate=30.000000))",False,,False,False,None,None
NewRow_302,Unique_LegendDeer_BarrierRelease_Normal,Normal,True,Melee,300,300,False,Waza_M,True,500,8000,8000,1.000000,None,None,0,0.000000,None,0,0.000000,"((Type=vsWood_Raid,Rate=30.000000),(Type=vsStone_Raid,Rate=30.000000))",False,,False,False,None,None
NewRow_303,Unique_LegendDeer_BarrierRelease_Grass,Leaf,True,Melee,220,220,False,Waza_M,True,500,8000,8000,1.000000,None,None,0,0.000000,None,0,0.000000,"((Type=vsWood_Raid,Rate=30.000000),(Type=vsStone_Raid,Rate=30.000000))",False,,False,False,None,None
NewRow_304,Unique_LegendDeer_BarrierRelease_Water,Water,True,Melee,220,220,False,Waza_M,True,500,8000,8000,1.000000,None,None,0,0.000000,None,0,0.000000,"((Type=vsWood_Raid,Rate=30.000000),(Type=vsStone_Raid,Rate=30.000000))",False,,False,False,None,None
NewRow_305,Unique_LegendDeer_RadiantPurge,Normal,True,Shot,1250,1250,False,Waza_L,True,0,8000,8000,1.000000,None,None,0,0.000000,None,0,0.000000,"((Type=vsWood_Raid,Rate=30.000000),(Type=vsStone_Raid,Rate=30.000000))",False,,False,False,None,None
NewRow_306,RadiantBarrage,Normal,False,Shot,700,700,False,Waza_M,True,0,5000,5000,30.000000,None,None,0,0.000000,None,0,0.000000,,False,,False,False,None,None
NewRow_307,Unique_LegendDeer_RadiantPurge_Otomo,Normal,True,Shot,250,1250,False,Waza_L,True,0,3000,3000,100.000000,None,None,0,0.000000,None,0,0.000000,,False,,False,False,None,None
NewRow_308,Unique_MonochromeQueen_BalletJump,Dark,True,Shot,500,500,False,Waza_M,True,0,1500,1500,24.000000,None,None,0,0.000000,None,0,0.000000,,False,,False,False,None,None
NewRow_309,Unique_GrassGolem_ArmCannon,Leaf,True,Shot,700,700,False,Waza_L,False,200,5000,5000,30.000000,None,IvyCling,100,0.000000,None,0,0.000000,,False,,False,False,None,None
NewRow_310,Unique_GrassGolem_RocketPunch,Earth,True,Shot,600,600,False,Waza_L,False,1000,1500,1500,30.000000,None,None,0,0.000000,None,0,0.000000,,False,,False,False,None,None
NewRow_311,Unique_KingWhale_Maelstrom,Water,True,Shot,500,500,False,Waza_M,True,0,6000,3000,24.000000,None,Wetness,100,0.000000,None,0,0.000000,,False,,False,False,None,None
NewRow_312,Unique_KingWhale_HomingBubble,Water,True,Shot,200,200,False,Waza_M,True,0,6000,15000,12.000000,None,Wetness,100,0.000000,None,0,0.000000,,False,,False,False,None,None
NewRow_313,Unique_KingWhale_AquaTornado,Water,True,Shot,800,800,False,Waza_L,True,0,6000,15000,40.000000,None,Wetness,100,0.000000,None,0,0.000000,,False,,False,False,None,None
NewRow_314,Unique_KingWhale_TidalBore,Water,True,Shot,1000,1000,False,None,True,0,6000,5000,30.000000,None,Wetness,100,0.000000,None,0,0.000000,,False,,False,False,None,None
NewRow_315,Unique_Ronin_Iai_PartnerSkill,Fire,True,Melee,160,160,False,Waza_M,True,1000,5000,400,12.000000,None,Burn,50,0.000000,None,0,0.000000,,False,,False,False,None,None
NewRow_316,Unique_KingWhale_WaveTackle,Water,True,Melee,400,400,False,Waza_L,True,0,5000,3000,20.000000,None,Wetness,100,0.000000,None,0,0.000000,,False,,False,False,None,None
NewRow_317,Unique_KingWhale_Breaching,Water,True,Melee,700,700,False,Waza_L,True,0,6000,8000,30.000000,None,Wetness,100,0.000000,None,0,0.000000,,False,,False,False,None,None
NewRow_318,Unique_KingWhale_AquaBlade,Water,True,Shot,300,300,False,Waza_M,True,0,6000,5000,16.000000,None,Wetness,100,0.000000,None,0,0.000000,,False,,False,False,None,None
NewRow_319,Unique_ScorpionMan_Erectric_UpperThunder,Electricity,True,Melee,600,600,False,Waza_M,False,0,3000,1000,30.000000,None,Electrical,100,0.000000,None,0,0.000000,,False,"((Type=GroundHeightDiff,Value=0.000000))",False,False,None,None
NewRow_320,Unique_NightBlueHorse_Neutral_AirStep,Normal,True,Melee,800,800,False,Waza_M,True,1200,3000,3000,30.000000,None,None,0,0.000000,None,0,0.000000,,False,,False,False,None,None
NewRow_321,Unique_NightBlueHorse_Neutral_Tossin,Normal,True,Melee,700,700,False,Waza_M,False,0,2500,350,30.000000,S,None,0,0.000000,None,0,0.000000,,False,"((Type=GroundHeightDiff,Value=0.000000))",False,False,None,None
NewRow_322,Unique_SamuraiDog_Bite,Earth,True,Melee,50,50,False,Waza_S,False,0,250,350,2.000000,None,Muddy,50,0.000000,None,0,0.000000,,False,"((Type=GroundHeightDiff,Value=0.000000))",False,False,None,None
NewRow_323,Unique_SamuraiDog_BiteV2,Earth,True,Melee,40,40,False,Waza_S,False,0,150,350,2.000000,None,Muddy,50,0.000000,None,0,0.000000,,False,"((Type=GroundHeightDiff,Value=0.000000))",False,False,None,None
NewRow_324,Unique_ThunderDog_Ice_KoriShorai,Ice,True,Melee,300,300,False,Waza_M,False,500,1200,300,16.000000,None,Freeze,100,0.000000,None,0,0.000000,,False,"((Type=GroundHeightDiff,Value=0.000000))",False,False,None,None
NewRow_325,Unique_Kirin_Ice_IceTackle,Ice,True,Melee,600,600,False,Waza_M,False,500,1200,300,30.000000,None,Freeze,100,0.000000,None,0,0.000000,,False,"((Type=GroundHeightDiff,Value=0.000000))",False,False,None,None
NewRow_326,CreepingBubble,Water,True,Shot,200,200,False,Waza_M,True,0,5000,15000,12.000000,None,Wetness,100,0.000000,None,0,0.000000,,False,,False,False,None,None
NewRow_327,Unique_ThunderDog_Ice_BiteV2,Ice,True,Melee,40,40,False,Waza_S,False,0,180,350,2.000000,None,Freeze,50,0.000000,None,0,0.000000,,False,"((Type=GroundHeightDiff,Value=0.000000))",False,False,None,None
NewRow_328,Unique_ThunderDog_Ice_Bite,Ice,True,Melee,50,50,False,Waza_S,False,800,900,350,2.000000,None,Freeze,50,0.000000,None,0,0.000000,,False,"((Type=GroundHeightDiff,Value=0.000000))",False,False,None,None
NewRow_329,WindBurst,Leaf,False,Shot,600,600,False,Waza_L,True,0,1200,2000,30.000000,None,IvyCling,100,0.000000,None,0,0.000000,,False,,False,False,None,None
NewRow_330,Unique_CuteMole_DiggingAttack,Earth,True,Melee,60,60,False,Waza_S,False,300,3000,400,4.000000,None,Muddy,50,0.000000,None,0,0.000000,,False,"((Type=GroundHeightDiff,Value=0.000000))",False,False,None,None
NewRow_331,Unique_SamuraiDog_DashSlash,Earth,True,Melee,90,90,False,Waza_M,False,300,3000,300,4.000000,None,None,0,0.000000,None,0,0.000000,,False,"((Type=GroundHeightDiff,Value=0.000000))",False,False,None,None
NewRow_332,Unique_SnakeGirl_SnakeShot,Dark,True,Shot,600,600,False,Waza_M,False,300,3000,1000,30.000000,None,Poison,100,0.000000,None,0,0.000000,,False,,False,False,None,None
NewRow_333,Unique_MummyPal_MummyAttack,Dark,True,Melee,500,500,False,Waza_M,False,200,1000,600,24.000000,None,Darkness,100,0.000000,None,0,0.000000,,False,,False,False,None,None
NewRow_334,Unique_ClownRabbit_TrickShow,Fire,True,Shot,700,700,False,Waza_M,True,0,4000,4000,30.000000,None,Burn,100,0.000000,None,0,0.000000,,False,,False,False,None,None
NewRow_335,Unique_ThunderDragonMan_GYM_Act,Electricity,True,Shot,1,1,False,Waza_M,True,0,9999,9999,30.000000,None,None,0,0.000000,None,0,0.000000,,False,"((Type=HPBelow,Value=0.700000))",False,False,None,None
NewRow_336,Unique_CubeTurtle_CubePress,Earth,True,Shot,600,600,False,Waza_L,False,500,4000,2000,30.000000,None,Muddy,100,0.000000,None,0,0.000000,,False,"((Type=GroundHeightDiff,Value=0.000000))",False,False,None,None
NewRow_337,Unique_KingWhale_SuperTidalBore,Water,True,Shot,1000,1000,False,None,True,0,9999,9999,30.000000,None,Wetness,100,0.000000,None,0,0.000000,,False,,False,False,None,None
NewRow_338,GrassGolem_PartnerSkill,Leaf,True,Shot,600,1,False,Waza_M,False,0,5000,5000,0.000000,None,None,0,0.000000,None,0,0.000000,,False,,False,False,None,None
NewRow_339,Unique_SumoDog_SumoStomp,Earth,True,Melee,550,550,False,Waza_L,True,0,700,700,24.000000,None,Muddy,100,0.000000,None,0,0.000000,,False,,False,False,None,None
NewRow_340,Unique_RockBeast_RockHorn,Earth,True,Shot,600,600,False,Waza_M,False,0,1500,3000,30.000000,None,Muddy,100,0.000000,None,0,0.000000,,False,,False,False,None,None
NewRow_341,Unique_RockBeast_Ice_IceHorn,Ice,True,Shot,600,600,False,Waza_M,False,0,1500,3000,30.000000,None,Freeze,100,0.000000,None,0,0.000000,,False,,False,False,None,None
NewRow_342,Unique_ElecPomeranian_Bite,Electricity,True,Melee,50,50,False,Waza_S,False,0,250,350,2.000000,None,Electrical,50,0.000000,None,0,0.000000,,False,"((Type=GroundHeightDiff,Value=0.000000))",False,False,None,None
NewRow_343,Unique_ElecPomeranian_BiteV2,Electricity,True,Melee,40,40,False,Waza_S,False,0,100,350,2.000000,None,Electrical,50,0.000000,None,0,0.000000,,False,"((Type=GroundHeightDiff,Value=0.000000))",False,False,None,None
NewRow_344,Unique_LanternButler_LanternFlame,Dark,True,Shot,650,650,False,Waza_M,False,0,4000,4000,30.000000,None,Darkness,100,0.000000,None,0,0.000000,,False,,False,False,None,None
NewRow_345,Unique_BlueSkyDragon_Tossin,Water,True,Melee,500,500,False,Waza_M,False,600,2500,4000,24.000000,None,Wetness,100,0.000000,None,0,0.000000,,False,,False,False,None,None
NewRow_346,Unique_BlueSkyDragon_SweepBreath,Dragon,True,Shot,600,600,False,Waza_M,False,400,3500,3500,30.000000,None,Burn,100,0.000000,None,0,0.000000,,False,,False,False,None,None
NewRow_347,Unique_BlueSkyDragon_DrainStorm,Water,True,Shot,700,700,False,Waza_M,True,0,1000,2000,30.000000,None,Wetness,100,0.000000,None,0,0.000000,,False,,False,False,None,None
NewRow_348,Unique_BlueSkyDragon_GYM_Act,Water,True,Shot,700,700,False,Waza_M,True,0,5000,5000,0.000000,None,Wetness,100,0.000000,None,0,0.000000,,False,,False,False,None,None
NewRow_352,Unique_LilyQueen_GYM_Act,Leaf,True,Shot,1,1,False,Waza_M,True,0,5000,5000,60.000000,None,None,0,0.000000,None,0,0.000000,,False,,False,False,None,None
NewRow_354,Unique_MoonQueen_GYM_Act,Normal,True,Shot,1,1,False,Waza_M,True,0,5000,5000,300.000000,None,None,0,0.000000,None,0,0.000000,,False,"((Type=HPBelow,Value=0.500000))",False,False,None,None
NewRow_356,Unique_RedFlowerBird_JumpKick,Leaf,True,Shot,550,550,False,Waza_M,False,0,2000,600,24.000000,None,None,0,0.000000,None,0,0.000000,,False,,False,False,None,None
NewRow_357,Unique_WingGolem_Fire_FlameCutter,Fire,True,Shot,700,700,False,Waza_L,True,0,3500,3500,30.000000,None,Burn,100,0.000000,None,0,0.000000,,False,,False,False,None,None
NewRow_358,Unique_VolcanoDragon_Ice_IceLaser,Ice,True,Shot,700,700,False,Waza_S,True,0,4000,4000,30.000000,None,Freeze,100,0.000000,None,0,0.000000,,False,,False,False,None,None
NewRow_359,Unique_VolcanoDragon_Ice_IcicleSpit,Ice,True,Shot,600,600,False,Waza_M,True,0,2500,2500,30.000000,None,Freeze,100,0.000000,None,0,0.000000,,False,,False,False,None,None
NewRow_360,Unique_CubeTurtle_Neutral_HolyPress,Normal,True,Shot,700,700,False,Waza_L,False,500,4000,2000,30.000000,None,None,0,0.000000,None,0,0.000000,,False,"((Type=GroundHeightDiff,Value=0.000000))",False,False,None,None
NewRow_361,Unique_GrassGolem_Dark_DarkArmCannon,Dark,True,Shot,700,700,False,Waza_L,False,200,5000,5000,30.000000,None,None,0,0.000000,None,0,0.000000,,False,,False,False,None,None
NewRow_362,Unique_WorldTreeDragon_PaldiumShot,None,True,Shot,400,400,False,Waza_S,False,0,5000,5000,5.000000,None,None,0,0.000000,None,0,0.000000,,False,,False,False,None,None
NewRow_363,Unique_WorldTreeDragon_PaldiumCannon,None,True,Shot,700,700,False,Waza_S,True,0,5000,5000,20.000000,None,None,0,0.000000,None,0,0.000000,,False,,False,False,None,None
NewRow_364,Unique_WorldTreeDragon_Supernova,None,True,Shot,1000,1000,False,Waza_S,True,0,9999,9999,99.000000,None,None,0,0.000000,None,0,0.000000,,False,,False,False,None,None
NewRow_365,Unique_WorldTreeDragon_HaloBeam,None,True,Shot,750,750,False,Waza_S,True,0,9999,9999,20.000000,None,None,0,0.000000,None,0,0.000000,,False,,False,False,None,None
NewRow_366,Unique_WorldTreeDragon_PaldiumRain,None,True,Shot,500,500,False,Waza_S,True,0,9999,9999,5.000000,None,None,0,0.000000,None,0,0.000000,,False,,False,False,None,None
NewRow_367,Unique_WorldTreeDragon_LaserGliding,None,True,Shot,550,550,False,Waza_S,True,0,9999,9999,5.000000,None,None,0,0.000000,None,0,0.000000,,False,,False,False,None,None
NewRow_368,Unique_WorldTreeDragon_HaloCutter,None,True,Shot,600,600,False,Waza_S,True,0,9999,9999,10.000000,None,None,0,0.000000,None,0,0.000000,,False,,False,False,None,None
NewRow_369,Unique_WorldTreeDragon_PaldiumExplosion,None,True,Shot,800,800,False,Waza_M,True,0,9999,9999,60.000000,None,None,0,0.000000,None,0,0.000000,,False,"((Type=HPBelow,Value=0.800000))",True,False,None,None
NewRow_370,GrassGolem_Dark_PartnerSkill,Dark,True,Shot,600,1,False,Waza_M,False,0,5000,5000,0.000000,None,None,0,0.000000,None,0,0.000000,,False,,False,False,None,None
NewRow_371,Unique_LilyQueen_LilyHealing_Boss,Leaf,True,Shot,0,0,False,Waza_M,True,0,9999,9999,300.000000,None,None,0,0.000000,None,0,0.000000,,False,"((Type=HPBelow,Value=0.500000))",False,False,None,None
NewRow_372,Unique_ThunderBird_Ice_SnowStrom,Ice,True,Melee,600,600,False,Waza_M,False,500,1500,350,30.000000,None,Freeze,100,0.000000,None,0,0.000000,,False,"((Type=GroundHeightDiff,Value=0.000000))",False,False,None,None
NewRow_373,Unique_WhiteDeer_Dark_DarkPillar,Dark,True,Shot,700,700,False,Waza_L,True,0,2000,1600,30.000000,None,Darkness,100,0.000000,None,0,0.000000,,False,"((Type=GroundHeightDiff,Value=0.000000))",False,False,None,None
NewRow_374,Unique_Mothman_GiantSpore,Leaf,True,Shot,700,700,False,Waza_L,False,0,4000,4000,30.000000,S,None,0,0.000000,None,0,0.000000,,False,,True,False,None,None
NewRow_375,Unique_Mothman_SporeScatter,Leaf,True,Shot,800,800,False,Waza_L,False,0,2000,2000,30.000000,None,None,0,0.000000,None,0,0.000000,,False,,True,False,None,None
NewRow_376,Unique_MoonQueen_GYM_Hard_Act,Normal,True,Shot,1,1,False,Waza_M,True,0,5000,5000,300.000000,None,None,0,0.000000,None,0,0.000000,,False,"((Type=HPBelow,Value=0.600000))",False,False,None,None
NewRow_377,Unique_FlowerPrince_PoisonGasTackle,Dark,True,Melee,700,700,False,Waza_M,False,0,2000,1000,30.000000,None,None,0,0.000000,None,0,0.000000,,False,,False,False,None,None
NewRow_378,Unique_FlowerPrince_PoisonGasDance,Dark,True,Shot,800,800,False,Waza_M,True,0,2000,2000,30.000000,None,None,0,0.000000,None,0,0.000000,,False,,False,False,None,None
NewRow_379,Unique_GrassMinotaur_BullRush,Leaf,True,Melee,650,650,False,Waza_M,False,0,2000,400,30.000000,None,IvyCling,100,0.000000,None,0,0.000000,,False,"((Type=GroundHeightDiff,Value=0.000000))",False,False,None,None
NewRow_380,Unique_GrassMinotaur_Ice_BullRush,Ice,True,Melee,650,650,False,Waza_M,False,0,2000,400,30.000000,None,Freeze,100,0.000000,None,0,0.000000,,False,"((Type=GroundHeightDiff,Value=0.000000))",False,False,None,None
NewRow_381,Unique_LotusDragon_LotusBloom,Leaf,True,Melee,700,700,False,Waza_M,False,0,3000,700,30.000000,S,IvyCling,100,0.000000,None,0,0.000000,,False,"((Type=GroundHeightDiff,Value=0.000000))",True,False,None,None
NewRow_382,Unique_GhostDragon_TailSlash,Dragon,True,Melee,550,550,False,Waza_M,False,0,3000,1200,24.000000,None,None,0,0.000000,None,0,0.000000,,False,,False,False,None,None
NewRow_383,Unique_GhostDragon_PhosphorousBeam,Dragon,True,Shot,700,700,False,Waza_M,False,0,2500,1500,30.000000,None,Burn,100,0.000000,None,0,0.000000,,False,,False,False,None,None
NewRow_384,Unique_GrassMinotaur_BullRush_Lower,Leaf,True,Melee,250,250,False,Waza_M,False,0,2000,400,12.000000,None,IvyCling,100,0.000000,None,0,0.000000,,False,"((Type=GroundHeightDiff,Value=0.000000))",False,False,None,None
NewRow_385,Unique_GrassMinotaur_Ice_BullRush_Lower,Ice,True,Melee,250,250,False,Waza_M,False,0,2000,400,12.000000,None,Freeze,100,0.000000,None,0,0.000000,,False,"((Type=GroundHeightDiff,Value=0.000000))",False,False,None,None
NewRow_386,Unique_WorldTreeDragon_BigBang,None,True,Shot,900,900,False,Waza_M,True,0,9999,9999,60.000000,None,None,0,0.000000,None,0,0.000000,,False,,False,False,None,None
NewRow_387,Unique_DomeArmorDragon_ExplosiveMissile,Earth,True,Shot,700,700,False,Waza_M,False,500,4000,4000,30.000000,None,None,0,0.000000,None,0,0.000000,,False,,True,False,None,None
NewRow_388,Unique_PandaGirl_RapidKick,Leaf,True,Melee,250,250,False,Waza_M,False,0,800,400,12.000000,None,IvyCling,100,0.000000,None,0,0.000000,,False,"((Type=GroundHeightDiff,Value=0.000000))",False,False,None,None
NewRow_389,Unique_ElecSnail_ShellCharge,Electricity,True,Melee,500,500,False,Waza_M,True,0,500,500,24.000000,None,Electrical,100,0.000000,None,0,0.000000,,False,,True,False,None,None
